-----
{
 "description": "More than 1 Lakh Community Service Centers(CSC) with Broadband Connectivity are envisaged. These are last mile kiosk for providing e-services to citizens. The CSCs have been established in PPP mode where Service Center Agencies(SCA) have been selected to run the kiosk. District Wise CSC Roll out...", 
 "file_name": "District_wise_CSC_rollout_and_connectivity.csv", 
 "title": "District Wise Community Service Centers(CSC) Roll out and Connectivity ", 
 "url": "http://data.gov.in/sites/default/files/District_wise_CSC_rollout_and_connectivity.csv"
}
-----
 State , Service Centre Agency, Divisions / Zones , Name of Districts  , Total CSCs to be set up , Roll Out as on 30th Sept 2012 , CSCs Connected  , BSNL, VSAT, Data Card, Others
Andaman & Nicobar,Calance / Hughes,Andaman & Nicobar,Andaman,29,10,10,8,0,2,0
Andaman & Nicobar,Calance / Hughes,Andaman & Nicobar,Nicobar,16,0,0,0,0,0,0
Andhra Pradesh,CMS Computers Ltd,Zone 1,East Godavari,214,200,200,193,0,0,7
Andhra Pradesh,CMS Computers Ltd,Zone 1,Srikakulam,213,154,155,132,0,1,22
Andhra Pradesh,CMS Computers Ltd,Zone 1,Vishakapatnam,213,154,154,143,0,0,11
Andhra Pradesh,CMS Computers Ltd,Zone 1,Vizianagram,213,160,160,128,0,0,32
Andhra Pradesh,CMS Computers Ltd,Zone 3,Adilabad,213,155,157,129,0,2,26
Andhra Pradesh,CMS Computers Ltd,Zone 3,Karimnagar,213,162,162,151,0,0,11
Andhra Pradesh,CMS Computers Ltd,Zone 3,Nizamabad,213,210,212,142,0,2,68
Andhra Pradesh,CMS Computers Ltd,Zone 3,Warangal,213,163,163,134,0,0,29
Andhra Pradesh,CMS Computers Ltd,Zone 5,Guntur,213,211,211,140,0,0,71
Andhra Pradesh,CMS Computers Ltd,Zone 5,Kurnool,213,160,160,138,0,0,22
Andhra Pradesh,CMS Computers Ltd,Zone 5,Prakasam,213,213,213,192,0,0,21
Andhra Pradesh,Sreevan,Zone 2,Khammam,213,119,119,100,0,0,19
Andhra Pradesh,Sreevan,Zone 2,Krishna,213,120,120,100,0,0,20
Andhra Pradesh,Sreevan,Zone 2,West Godavari,213,111,111,80,0,0,31
Andhra Pradesh,AP Online,Zone 4,Mahbubnagar,213,110,110,110,0,0,0
Andhra Pradesh,AP Online,Zone 4,Medak,213,100,100,89,0,0,11
Andhra Pradesh,AP Online,Zone 4,Nalgonda,213,106,106,103,0,0,3
Andhra Pradesh,AP Online,Zone 4,Rangareddy,213,88,88,87,0,0,1
Andhra Pradesh,AP Online,Zone 6,Anantpur,213,87,87,77,0,0,10
Andhra Pradesh,AP Online,Zone 6,Chitoor,213,126,126,123,0,0,3
Andhra Pradesh,AP Online,Zone 6,Cuddapah,213,100,100,95,0,0,5
Andhra Pradesh,AP Online,Zone 6,Nellore,213,96,96,88,0,0,8
Arunachal Pradesh,Terasoftware / Calance,Zone 1,Anjaw,3,2,0,0,0,0,0
Arunachal Pradesh,Terasoftware / Calance,Zone 1,Changlang,20,15,13,8,5,0,0
Arunachal Pradesh,Terasoftware / Calance,Zone 1,East Kameng,11,10,1,0,0,1,0
Arunachal Pradesh,Terasoftware / Calance,Zone 1,East Siang,17,19,14,8,0,6,0
Arunachal Pradesh,Terasoftware / Calance,Zone 1,Kurung Kumey,8,5,1,0,0,1,0
Arunachal Pradesh,Terasoftware / Calance,Zone 1,Lohit,20,18,17,13,0,4,0
Arunachal Pradesh,Terasoftware / Calance,Zone 1,Lower Dibang Valley,10,10,9,6,0,3,0
Arunachal Pradesh,Terasoftware / Calance,Zone 1,Lower Subansiri,11,14,13,6,0,7,0
Arunachal Pradesh,Terasoftware / Calance,Zone 1,Papumpare,24,32,25,24,0,1,0
Arunachal Pradesh,Terasoftware / Calance,Zone 1,Tawang,8,6,3,2,1,0,0
Arunachal Pradesh,Terasoftware / Calance,Zone 1,Tirap,15,12,9,5,0,4,0
Arunachal Pradesh,Terasoftware / Calance,Zone 1,Upper Dibang Valley,2,2,0,0,0,0,0
Arunachal Pradesh,Terasoftware / Calance,Zone 1,Upper Siang,7,6,3,2,0,1,0
Arunachal Pradesh,Terasoftware / Calance,Zone 1,Upper Subansiri,11,11,4,3,0,1,0
Arunachal Pradesh,Terasoftware / Calance,Zone 1,West Kameng,12,20,17,8,5,4,0
Arunachal Pradesh,Terasoftware / Calance,Zone 1,West Siang,21,18,12,9,0,3,0
Assam,SREI Sahaj,Western Zone,Barpeta,213,213,207,16,72,59,60
Assam,SREI Sahaj,Western Zone,Baska,100,100,100,10,40,20,30
Assam,SREI Sahaj,Western Zone,Bongaigaon,187,187,169,30,73,36,30
Assam,SREI Sahaj,Western Zone,Chirang,55,55,55,21,34,0,0
Assam,SREI Sahaj,Western Zone,Darrang,177,177,174,69,41,28,36
Assam,SREI Sahaj,Western Zone,Dhubri,200,200,186,46,128,5,7
Assam,SREI Sahaj,Western Zone,Goalpara,200,200,200,48,64,49,39
Assam,SREI Sahaj,Western Zone,Kokrajhar,142,142,137,47,90,0,0
Assam,SREI Sahaj,Western Zone,Nalbari,129,129,129,21,76,21,11
Assam,SREI Sahaj,Western Zone,Sonitpur,242,242,268,82,88,68,30
Assam,SREI Sahaj,Western Zone,Udalguri,94,94,91,59,20,7,5
Assam,SREI Sahaj,Eastern Zone,Dhemaji,146,146,144,29,40,27,48
Assam,SREI Sahaj,Eastern Zone,Dibrugarh,175,175,174,56,82,25,11
Assam,SREI Sahaj,Eastern Zone,Golaghat,160,160,160,53,62,20,25
Assam,SREI Sahaj,Eastern Zone,Jorhat,149,149,148,39,42,35,32
Assam,SREI Sahaj,Eastern Zone,North Lakhimpur,159,159,159,37,54,45,23
Assam,SREI Sahaj,Eastern Zone,Sivasagar,150,150,144,15,79,29,21
Assam,SREI Sahaj,Eastern Zone,Tinsukia,155,155,151,59,70,12,10
Assam,Zoom Developers,South & Central,Cachar,175,189,45,35,0,2,8
Assam,Zoom Developers,South & Central,Hailakandi,55,62,20,13,0,2,5
Assam,Zoom Developers,South & Central,Kamrup (Metro),232,240,74,34,0,15,25
Assam,Zoom Developers,South & Central,Kamrup (Rural),0,0,0,0,0,0,0
Assam,Zoom Developers,South & Central,Karbi Anglong,474,58,17,8,0,3,6
Assam,Zoom Developers,South & Central,Karimganj,157,152,45,37,0,2,6
Assam,Zoom Developers,South & Central,Morigaon,106,81,32,15,0,2,15
Assam,Zoom Developers,South & Central,Nagaon,237,248,104,66,0,18,20
Assam,Zoom Developers,South & Central,North Cachar Hill,106,18,3,3,0,0,0
Bihar,SREI Sahaj,Patna,Bhojpur (Arrah),228,227,126,154,2573,1234,0
Bihar,SREI Sahaj,Patna,Buxar,142,140,73,0,0,0,0
Bihar,SREI Sahaj,Patna,Kaimur (Bhabua),151,151,111,0,0,0,0
Bihar,SREI Sahaj,Patna,Nalanda,249,249,229,0,0,0,0
Bihar,SREI Sahaj,Patna,Patna,331,316,153,0,0,0,0
Bihar,SREI Sahaj,Patna,Rohtash,246,236,146,0,0,0,0
Bihar,SREI Sahaj,Purnea,Araria,218,218,210,0,0,0,0
Bihar,SREI Sahaj,Purnea,Katihar,238,214,125,0,0,0,0
Bihar,SREI Sahaj,Purnea,Kishanganj,126,116,97,0,0,0,0
Bihar,SREI Sahaj,Purnea,Purnia,251,234,165,0,0,0,0
Bihar,SREI Sahaj,Magadh,Arwal,68,68,68,0,0,0,0
Bihar,SREI Sahaj,Magadh,Aurangabad,203,200,156,0,0,0,0
Bihar,SREI Sahaj,Magadh,Gaya,332,318,223,0,0,0,0
Bihar,SREI Sahaj,Magadh,Jehanabad,93,93,88,0,0,0,0
Bihar,SREI Sahaj,Magadh,Nawada,187,182,162,0,0,0,0
Bihar,SREI Sahaj,Munger,Begusarai,257,226,193,0,0,0,0
Bihar,SREI Sahaj,Munger,Jamui,153,152,68,0,0,0,0
Bihar,SREI Sahaj,Munger,Khagaria,129,127,97,0,0,0,0
Bihar,SREI Sahaj,Munger,Lakhisarai,80,80,63,0,0,0,0
Bihar,SREI Sahaj,Munger,Munger,101,101,81,0,0,0,0
Bihar,SREI Sahaj,Munger,Sheikhpura,54,54,39,0,0,0,0
Bihar,SREI Sahaj,Trihut,East Champaran,410,404,254,0,0,0,0
Bihar,SREI Sahaj,Trihut,Muzaffarpur,387,387,325,0,0,0,0
Bihar,SREI Sahaj,Trihut,Sheohar,53,51,49,0,0,0,0
Bihar,SREI Sahaj,Trihut,Sitamarhi,273,273,269,0,0,0,0
Bihar,SREI Sahaj,Trihut,Vaishali,290,288,234,0,0,0,0
Bihar,SREI Sahaj,Trihut,West Champaran,315,305,157,0,0,0,0
Bihar,SARK Systems,Koshi,Madhepura,170,1198,1102,178,0,924,0
Bihar,SARK Systems,Koshi,Saharsa,153,0,0,0,0,0,0
Bihar,SARK Systems,Koshi,Supaul,181,0,0,0,0,0,0
Bihar,SARK Systems,Saran,Chapra,330,0,0,0,0,0,0
Bihar,SARK Systems,Saran,Gopalganj,234,0,0,0,0,0,0
Bihar,SARK Systems,Saran,Siwan,293,0,0,0,0,0,0
Bihar,SCA Terminated,Darbhanga,Darbhanga,331,0,0,0,0,0,0
Bihar,SCA Terminated,Darbhanga,Madhubani,399,0,0,0,0,0,0
Bihar,SCA Terminated,Darbhanga,Samastipur,380,0,0,0,0,0,0
Bihar,SCA Terminated,Bhagalpur,Banka,185,0,0,0,0,0,0
Bihar,SCA Terminated,Bhagalpur,Bhagalpur,242,0,0,0,0,0,0
Chandigarh,eSampark,Chandigarh,Chandigarh,13,25,30,14,0,5,11
Chhattisgarh,AISECT,Korba,Bilaspur,180,193,193,14,0,10,169
Chhattisgarh,AISECT,Korba,Mungeli,91,91,91,4,0,18,69
Chhattisgarh,AISECT,Korba,Janjgir-Champa,152,152,152,34,0,14,104
Chhattisgarh,AISECT,Korba,Korba,142,113,112,22,0,3,87
Chhattisgarh,AISECT,Durg,Durg,85,92,92,35,0,2,55
Chhattisgarh,AISECT,Durg,Kanker,179,106,106,21,0,21,64
Chhattisgarh,AISECT,Durg,Kawardha/ Kabirdham,167,98,98,10,0,12,76
Chhattisgarh,AISECT,Durg,Bemetara,117,117,117,15,0,7,95
Chhattisgarh,AISECT,Durg,Balod,108,108,108,12,0,13,83
Chhattisgarh,AISECT,Durg,Rajnandgaon,266,179,179,24,0,19,136
Chhattisgarh,SCA Terminated,Raipur ,Bastar,224,45,0,0,0,0,0
Chhattisgarh,SCA Terminated,Raipur ,Narayanpur,0,0,0,0,0,0,0
Chhattisgarh,SCA Terminated,Raipur ,Kondagaon,0,10,0,0,0,0,0
Chhattisgarh,SCA Terminated,Raipur ,Bijapur,113,4,0,0,0,0,0
Chhattisgarh,SCA Terminated,Raipur ,Dantewada (South Bastar),112,1,0,0,0,0,0
Chhattisgarh,SCA Terminated,Raipur ,Sukma,0,0,0,0,0,0,0
Chhattisgarh,SCA Terminated,Raipur ,Dhamtari,108,73,0,0,0,0,0
Chhattisgarh,SCA Terminated,Raipur ,Mahasamund,185,165,0,0,0,0,0
Chhattisgarh,SCA Terminated,Raipur ,Raipur,366,88,0,0,0,0,0
Chhattisgarh,SCA Terminated,Raipur ,Gariyaband,0,35,0,0,0,0,0
Chhattisgarh,SCA Terminated,Raipur ,Balodabazar,0,162,0,0,0,0,0
Chhattisgarh,SCA Terminated,Raigarh,Jashpur,136,116,0,0,0,0,0
Chhattisgarh,SCA Terminated,Raigarh,Koriya,112,97,0,0,0,0,0
Chhattisgarh,SCA Terminated,Raigarh,Raigarh,247,232,0,0,0,0,0
Chhattisgarh,SCA Terminated,Raigarh,Sarguja,95,64,0,0,0,0,0
Chhattisgarh,SCA Terminated,Raigarh,Surajpur,93,67,0,0,0,0,0
Chhattisgarh,SCA Terminated,Raigarh,Balrampur,107,52,0,0,0,0,0
Delhi,SCA Terminated,Delhi,Delhi,520,0,0,0,0,0,0
Goa,3i Infotech,Goa,Goa,160,29,29,29,0,0,0
Gujarat,EGVGS,Ahmedabad ,ahmedabad,515,515,515,0,515,0,0
Gujarat,EGVGS,Saurastra ,amreli,590,590,590,0,590,0,0
Gujarat,EGVGS,Central ,anand,352,352,352,0,352,0,0
Gujarat,EGVGS,Ahmedabad ,banaskantha,783,783,783,0,783,0,0
Gujarat,EGVGS,South,bharuch,543,543,543,0,543,0,0
Gujarat,EGVGS,Saurastra ,bhavnagar,772,772,772,0,772,0,0
Gujarat,EGVGS,Central ,dahod,459,459,459,0,459,0,0
Gujarat,EGVGS,South,dang,70,70,70,0,70,0,0
Gujarat,EGVGS,Central ,gandhinagar,286,286,286,0,286,0,0
Gujarat,EGVGS,Saurastra ,jamnagar,663,663,663,0,663,0,0
Gujarat,EGVGS,Saurastra ,junagadh,821,821,821,0,821,0,0
Gujarat,EGVGS,Central ,kheda,559,559,559,0,559,0,0
Gujarat,EGVGS,Ahmedabad ,kutch,615,615,615,0,615,0,0
Gujarat,EGVGS,Ahmedabad ,mehsana,589,589,589,0,589,0,0
Gujarat,EGVGS,South,narmada,219,219,219,0,219,0,0
Gujarat,EGVGS,South,navsari,363,363,363,0,363,0,0
Gujarat,EGVGS,Central ,panchmahals,658,658,658,0,658,0,0
Gujarat,EGVGS,Ahmedabad ,patan,464,464,464,0,464,0,0
Gujarat,EGVGS,Saurastra ,porbandar,150,150,150,0,150,0,0
Gujarat,EGVGS,Saurastra ,rajkot,843,843,843,0,843,0,0
Gujarat,EGVGS,Central ,sabarkantha,707,707,707,0,707,0,0
Gujarat,EGVGS,South,surat,567,567,567,0,567,0,0
Gujarat,EGVGS,Ahmedabad ,surendrangar,615,615,615,0,615,0,0
Gujarat,EGVGS,South,tapi,282,282,282,0,282,0,0
Gujarat,EGVGS,South,vadodara,861,861,861,0,861,0,0
Gujarat,EGVGS,South,valsad,339,339,339,0,339,0,0
Haryana,SCA Terminated,Ambala,Ambala,1159,0,0,0,0,0,0
Haryana,SCA Terminated,Ambala,Kaithal,0,0,0,0,0,0,0
Haryana,SCA Terminated,Ambala,Kurukshetra,0,0,0,0,0,0,0
Haryana,SCA Terminated,Ambala,Panchkula,0,0,0,0,0,0,0
Haryana,SCA Terminated,Ambala,Yamuna Nagar,0,0,0,0,0,0,0
Haryana,SCA Terminated,Hisar,Bhiwani,0,0,0,0,0,0,0
Haryana,SCA Terminated,Hisar,Fatehabad,0,0,0,0,0,0,0
Haryana,SCA Terminated,Hisar,Hisar,0,0,0,0,0,0,0
Haryana,SCA Terminated,Hisar,Jind,0,0,0,0,0,0,0
Haryana,SCA Terminated,Hisar,Sirsa,0,0,0,0,0,0,0
Haryana,SCA Terminated,Rohtak,Jhajjar,0,0,0,0,0,0,0
Haryana,SCA Terminated,Rohtak,Karnal,0,0,0,0,0,0,0
Haryana,SCA Terminated,Rohtak,Panipat,0,0,0,0,0,0,0
Haryana,SCA Terminated,Rohtak,Rohtak,0,0,0,0,0,0,0
Haryana,SCA Terminated,Rohtak,Sonipat,0,0,0,0,0,0,0
Haryana,SCA Terminated,Gurgaon,Faridabad,0,0,0,0,0,0,0
Haryana,SCA Terminated,Gurgaon,Gurgaon,0,0,0,0,0,0,0
Haryana,SCA Terminated,Gurgaon,Mahendargarh,0,0,0,0,0,0,0
Haryana,SCA Terminated,Gurgaon,Mewat,0,0,0,0,0,0,0
Haryana,SCA Terminated,Gurgaon,Palwal (Nuh),0,0,0,0,0,0,0
Haryana,SCA Terminated,Gurgaon,Rewari,0,0,0,0,0,0,0
Himachal Pradesh,Zoom Developers,Kangra,Chamba,287,177,156,43,0,113,0
Himachal Pradesh,Zoom Developers,Kangra,Kangra,771,728,551,408,0,107,36
Himachal Pradesh,Zoom Developers,Kangra,Una,238,237,220,115,0,41,64
Himachal Pradesh,GNG / Terasoftware,Mandi,Bilaspur,154,139,102,70,2,25,5
Himachal Pradesh,GNG / Terasoftware,Mandi,Hamirpur,232,211,136,108,0,24,4
Himachal Pradesh,GNG / Terasoftware,Mandi,Kullu,207,195,114,32,0,6,76
Himachal Pradesh,GNG / Terasoftware,Mandi,Lahaul & Spiti,41,12,5,0,5,0,0
Himachal Pradesh,GNG / Terasoftware,Mandi,Mandi,480,410,281,76,7,153,45
Himachal Pradesh,GNG / Terasoftware,Shimla,Kinnaur,70,43,21,4,4,13,0
Himachal Pradesh,GNG / Terasoftware,Shimla,Shimla,397,331,197,117,17,38,25
Himachal Pradesh,GNG / Terasoftware,Shimla,Sirmaur,253,141,102,16,5,70,11
Himachal Pradesh,GNG / Terasoftware,Shimla,Solan,236,179,163,130,5,21,7
Jammu & Kashmir,J & K Bank,Kashmir,Anantnag,96,74,65,0,65,0,0
Jammu & Kashmir,J & K Bank,Kashmir,Badgam,75,49,31,0,31,0,0
Jammu & Kashmir,J & K Bank,Kashmir,Bandipore,21,25,18,0,18,0,0
Jammu & Kashmir,J & K Bank,Kashmir,Baramula,94,54,43,0,43,0,0
Jammu & Kashmir,J & K Bank,Jammu,Doda,71,30,24,0,24,0,0
Jammu & Kashmir,J & K Bank,Kashmir,Ganderbal,24,24,23,0,23,0,0
Jammu & Kashmir,J & K Bank,Jammu,Jammu,62,58,41,0,41,0,0
Jammu & Kashmir,J & K Bank,Leh,Kargil,32,12,4,0,4,0,0
Jammu & Kashmir,J & K Bank,Jammu,Kathua,77,44,27,0,27,0,0
Jammu & Kashmir,J & K Bank,Jammu,Kishtwar,53,17,15,0,15,0,0
Jammu & Kashmir,J & K Bank,Kashmir,Kulgam,60,36,32,0,32,0,0
Jammu & Kashmir,J & K Bank,Kashmir,Kupwara,49,23,8,0,8,0,0
Jammu & Kashmir,J & K Bank,Leh,Leh,28,10,9,0,9,0,0
Jammu & Kashmir,J & K Bank,Kashmir,Pulwama,82,57,54,0,54,0,0
Jammu & Kashmir,J & K Bank,Jammu,Poonch,28,20,15,0,15,0,0
Jammu & Kashmir,J & K Bank,Jammu,Rajauri,55,44,27,0,27,0,0
Jammu & Kashmir,J & K Bank,Jammu,Ramban,13,21,17,0,17,0,0
Jammu & Kashmir,J & K Bank,Jammu,Reasi,15,21,20,0,20,0,0
Jammu & Kashmir,J & K Bank,Jammu,Samba,66,21,17,0,17,0,0
Jammu & Kashmir,J & K Bank,Kashmir,Shopian,50,37,30,0,30,0,0
Jammu & Kashmir,J & K Bank,Kashmir,Srinagar,15,10,0,0,0,0,0
Jammu & Kashmir,J & K Bank,Jammu,Udhampur,43,30,24,0,24,0,0
Jharkhand,UTL,Hazaribagh,Bokaro,248,1419,1419,188,0,603,628
Jharkhand,UTL,Hazaribagh,Chatra,154,0,0,0,0,0,0
Jharkhand,UTL,Hazaribagh,Dhanbad,383,0,0,0,0,0,0
Jharkhand,UTL,Hazaribagh,Giridih,358,0,0,0,0,0,0
Jharkhand,UTL,Hazaribagh,Hazaribagh,257,0,0,0,0,0,0
Jharkhand,UTL,Hazaribagh,Koderma,109,0,0,0,0,0,0
Jharkhand,UTL,Hazaribagh,Ramgarh,143,0,0,0,0,0,0
Jharkhand,UTL,Kolhan,Chaibasa(West Singhbhum),217,306,306,81,0,15,210
Jharkhand,UTL,Kolhan,East Singhbhum,231,0,0,0,0,0,0
Jharkhand,UTL,Kolhan,Saraikela Kharsawan,135,0,0,0,0,0,0
Jharkhand,UTL,Ranchi,Ghumla,159,574,574,368,0,144,62
Jharkhand,UTL,Ranchi,Khunti,86,0,0,0,0,0,0
Jharkhand,UTL,Ranchi,Lohardaga,66,0,0,0,0,0,0
Jharkhand,UTL,Ranchi,Ranchi,303,0,0,0,0,0,0
Jharkhand,UTL,Ranchi,Simdega,94,0,0,0,0,0,0
Jharkhand,AID,Palamu ,Daltanganj (Palamu),289,427,239,22,5,91,121
Jharkhand,AID,Palamu ,Garhwa,196,0,0,0,0,0,0
Jharkhand,AID,Palamu ,Latehar,115,0,0,0,0,0,0
Jharkhand,SCA Terminated,Dumka,Deoghar,201,566,0,0,0,0,0
Jharkhand,SCA Terminated,Dumka,Dumka,207,0,0,0,0,0,0
Jharkhand,SCA Terminated,Dumka,Godda,200,0,0,0,0,0,0
Jharkhand,SCA Terminated,Dumka,Jamtara,118,0,0,0,0,0,0
Jharkhand,SCA Terminated,Dumka,Pakur,128,0,0,0,0,0,0
Jharkhand,SCA Terminated,Dumka,Sahebganj,165,0,0,0,0,0,0
Karnataka,Comat (Nemadi Centers),Bangalore,Bangalore Rural,17,17,17,0,0,17,0
Karnataka,Comat (Nemadi Centers),Bangalore,Bangalore Urban,19,19,19,0,0,19,0
Karnataka,Comat (Nemadi Centers),Bangalore,Chickballapura,26,26,26,0,0,26,0
Karnataka,Comat (Nemadi Centers),Bangalore,Chitradurga,25,25,25,0,0,25,0
Karnataka,Comat (Nemadi Centers),Bangalore,Davanagere,24,24,24,0,0,24,0
Karnataka,Comat (Nemadi Centers),Bangalore,Kolar,27,27,27,0,0,27,0
Karnataka,Comat (Nemadi Centers),Bangalore,Ramanagaram,19,19,19,0,0,19,0
Karnataka,Comat (Nemadi Centers),Bangalore,Shimoga,37,37,37,0,0,37,0
Karnataka,Comat (Nemadi Centers),Bangalore,Tumkur,50,50,50,0,0,50,0
Karnataka,Comat (Nemadi Centers),Belgaum,Bagalkot,21,21,21,0,0,21,0
Karnataka,Comat (Nemadi Centers),Belgaum,Belgaum,56,56,56,0,0,56,0
Karnataka,Comat (Nemadi Centers),Belgaum,Bijapur,22,22,22,0,0,22,0
Karnataka,Comat (Nemadi Centers),Belgaum,Dharwad,21,21,21,0,0,21,0
Karnataka,Comat (Nemadi Centers),Belgaum,Gadag,13,13,13,0,0,13,0
Karnataka,Comat (Nemadi Centers),Belgaum,Haveri,22,22,22,0,0,22,0
Karnataka,Comat (Nemadi Centers),Belgaum,Uttara Kannada,35,35,35,0,0,35,0
Karnataka,Comat (Nemadi Centers),Gulbarga,Bellary,30,30,30,0,0,30,0
Karnataka,Comat (Nemadi Centers),Gulbarga,Bidar,30,30,30,0,0,30,0
Karnataka,Comat (Nemadi Centers),Gulbarga,Gulbarga,33,33,33,0,0,33,0
Karnataka,Comat (Nemadi Centers),Gulbarga,Koppal,20,20,20,0,0,20,0
Karnataka,Comat (Nemadi Centers),Gulbarga,Raichur,37,37,37,0,0,37,0
Karnataka,Comat (Nemadi Centers),Gulbarga,Yadgir,16,16,16,0,0,16,0
Karnataka,Comat (Nemadi Centers),Mysore,Chamarajanagar,16,16,16,0,0,16,0
Karnataka,Comat (Nemadi Centers),Mysore,Chikkamagalur,32,32,32,0,0,32,0
Karnataka,Comat (Nemadi Centers),Mysore,Dakshin kannada,18,18,18,0,0,18,0
Karnataka,Comat (Nemadi Centers),Mysore,Hassan,40,40,40,0,0,40,0
Karnataka,Comat (Nemadi Centers),Mysore,Kodagu,16,16,16,0,0,16,0
Karnataka,Comat (Nemadi Centers),Mysore,Mandya,32,32,32,0,0,32,0
Karnataka,Comat (Nemadi Centers),Mysore,Mysore,36,36,36,0,0,36,0
Karnataka,Comat (Nemadi Centers),Mysore,Udupi,10,10,10,0,0,10,0
Karnataka,SCA not Selected,Karnataka,Karnataka,4913,0,0,0,0,0,0
Kerala,Akshaya,North Kerala,Kannur,161,183,183,169,0,1,13
Kerala,Akshaya,North Kerala,Kasaragod,82,93,93,82,0,0,11
Kerala,Akshaya,North Kerala,Kozhikode,172,142,142,131,0,1,10
Kerala,Akshaya,North Kerala,Malappuram,272,189,189,173,0,1,15
Kerala,Akshaya,North Kerala,Pallakad,208,175,175,161,0,1,13
Kerala,Akshaya,North Kerala,Thrissur,193,174,174,156,0,1,17
Kerala,Akshaya,North Kerala,Wayanad,67,69,69,55,0,1,13
Kerala,Akshaya,South Kerala,Alappuzah,207,165,165,162,0,0,3
Kerala,Akshaya,South Kerala,Ernakulam,186,184,184,164,0,1,19
Kerala,Akshaya,South Kerala,Idukki,76,76,76,75,0,1,0
Kerala,Akshaya,South Kerala,Kollam,142,111,111,99,0,1,11
Kerala,Akshaya,South Kerala,Kottayam,139,123,123,111,0,0,12
Kerala,Akshaya,South Kerala,Pathanamthitta,109,75,75,68,0,2,5
Kerala,Akshaya,South Kerala,Thiruvananthapuram,186,140,140,126,0,2,12
Kerala,Akshaya,South Kerala,Sub Centers,0,336,0,0,0,0,0
Lakshadweep,LITSS,LITSS,LITSS,18,12,12,0,0,1,11
Madhya Pradesh,AISECT,Chambal,Bhind,157,169,169,23,0,27,119
Madhya Pradesh,AISECT,Chambal,Morena,137,140,140,25,0,16,99
Madhya Pradesh,AISECT,Chambal,Sheopur,102,102,102,16,0,25,61
Madhya Pradesh,AISECT,Rewa,Anuppur,96,105,105,8,0,34,63
Madhya Pradesh,AISECT,Rewa,Rewa,452,461,461,30,0,5,426
Madhya Pradesh,AISECT,Rewa,Satna,340,355,355,27,0,14,314
Madhya Pradesh,AISECT,Rewa,Shahdol,141,164,164,8,0,105,51
Madhya Pradesh,AISECT,Rewa,Sidhi,175,189,189,52,0,25,112
Madhya Pradesh,AISECT,Rewa,Singrauli,125,147,147,2,0,58,87
Madhya Pradesh,AISECT,Rewa,Umaria,115,125,125,6,0,41,78
Madhya Pradesh,AISECT,Sagar,Chattarpur,198,225,225,11,0,4,210
Madhya Pradesh,AISECT,Sagar,Damoh,203,230,230,32,0,6,192
Madhya Pradesh,AISECT,Sagar,Panna,169,186,186,18,0,6,162
Madhya Pradesh,AISECT,Sagar,Sagar,345,388,388,174,0,4,210
Madhya Pradesh,AISECT,Sagar,Tikamgarh,161,170,170,4,0,18,148
Madhya Pradesh,AISECT,Hoshangabad,Harda,164,148,148,0,0,0,148
Madhya Pradesh,AISECT,Hoshangabad,Hoshangabad,93,0,0,0,0,0,0
Madhya Pradesh,CMS Computers Ltd,Bhopal,Betul,234,1990,1759,332,0,606,821
Madhya Pradesh,CMS Computers Ltd,Bhopal,Bhopal,90,0,0,0,0,0,0
Madhya Pradesh,CMS Computers Ltd,Bhopal,Raisen,252,0,0,0,0,0,0
Madhya Pradesh,CMS Computers Ltd,Bhopal,Rajgarh,289,0,0,0,0,0,0
Madhya Pradesh,CMS Computers Ltd,Bhopal,Sehore,181,0,0,0,0,0,0
Madhya Pradesh,CMS Computers Ltd,Bhopal,Vidisha,265,0,0,0,0,0,0
Madhya Pradesh,CMS Computers Ltd,Gwalior,Ashok Nagar,148,0,0,0,0,0,0
Madhya Pradesh,CMS Computers Ltd,Gwalior,Datia,101,0,0,0,0,0,0
Madhya Pradesh,CMS Computers Ltd,Gwalior,Guna,223,0,0,0,0,0,0
Madhya Pradesh,CMS Computers Ltd,Gwalior,Gwalior,109,0,0,0,0,0,0
Madhya Pradesh,CMS Computers Ltd,Gwalior,Shivpuri,244,0,0,0,0,0,0
Madhya Pradesh,NICT,Indore,Badwani / Barwani,127,1130,909,514,0,122,273
Madhya Pradesh,NICT,Indore,Burhanpur,47,0,0,0,0,0,0
Madhya Pradesh,NICT,Indore,Dhar,261,0,0,0,0,0,0
Madhya Pradesh,NICT,Indore,Indore,117,0,0,0,0,0,0
Madhya Pradesh,NICT,Indore,Jhabua,234,0,0,0,0,0,0
Madhya Pradesh,NICT,Indore,Khandwa (East Nimar),141,0,0,0,0,0,0
Madhya Pradesh,NICT,Indore,Khargone (West Nimar),208,0,0,0,0,0,0
Madhya Pradesh,NICT,Ujjain,Dewas,185,1021,882,504,0,94,284
Madhya Pradesh,NICT,Ujjain,Mandsaur,158,0,0,0,0,0,0
Madhya Pradesh,NICT,Ujjain,Neemuch,117,0,0,0,0,0,0
Madhya Pradesh,NICT,Ujjain,Ratlam,184,0,0,0,0,0,0
Madhya Pradesh,NICT,Ujjain,Shajapur,188,0,0,0,0,0,0
Madhya Pradesh,NICT,Ujjain,Ujjain,191,0,0,0,0,0,0
Madhya Pradesh,Reliance Communications,Jabalpur,Balaghat,234,234,222,90,0,47,85
Madhya Pradesh,Reliance Communications,Jabalpur,Chhindwara,330,330,325,78,0,51,196
Madhya Pradesh,Reliance Communications,Jabalpur,Dindori,154,154,98,18,0,29,51
Madhya Pradesh,Reliance Communications,Jabalpur,Jabalpur,207,240,233,62,0,57,114
Madhya Pradesh,Reliance Communications,Jabalpur,Katni,160,181,173,24,0,36,113
Madhya Pradesh,Reliance Communications,Jabalpur,Mandla,206,206,186,38,0,23,125
Madhya Pradesh,Reliance Communications,Jabalpur,Narsinghpur,202,208,205,39,0,46,120
Madhya Pradesh,Reliance Communications,Jabalpur,Seoni,272,272,253,67,0,59,127
Maharashtra,SPANCO Ltd,Pune,Kolhapur ,305,350,395,326,0,68,1
Maharashtra,SPANCO Ltd,Pune,Pune,467,516,315,217,0,94,4
Maharashtra,SPANCO Ltd,Pune,Sangli ,182,203,302,249,0,51,2
Maharashtra,SPANCO Ltd,Pune,Satara,435,341,261,177,0,83,1
Maharashtra,SPANCO Ltd,Pune,Solapur ,288,283,182,182,0,0,0
Maharashtra,SPANCO Ltd,Konkan,Mumbai (Sub),0,75,427,316,0,106,5
Maharashtra,SPANCO Ltd,Konkan,Mumbai City,0,25,154,76,0,76,2
Maharashtra,SPANCO Ltd,Konkan,Raigad ,480,442,394,141,0,230,23
Maharashtra,SPANCO Ltd,Konkan,Ratnagiri ,386,417,373,220,0,126,27
Maharashtra,SPANCO Ltd,Konkan,Sindhudurg,186,172,45,45,0,0,0
Maharashtra,SPANCO Ltd,Konkan,Thane,437,517,16,16,0,0,0
Maharashtra,BASIX,Nashik,Ahmednagar,326,243,237,221,0,10,6
Maharashtra,BASIX,Nashik,Dhule,136,112,107,105,0,0,2
Maharashtra,BASIX,Nashik,Jalgaon,312,210,209,110,0,70,29
Maharashtra,BASIX,Nashik,Nandurbar,189,64,62,60,0,2,0
Maharashtra,BASIX,Nashik,Nashik,398,116,91,91,0,0,0
Maharashtra,CMS Computers Ltd,Amravati,Akola,246,255,190,100,0,90,0
Maharashtra,CMS Computers Ltd,Amravati,Amaravati,501,518,183,100,0,83,0
Maharashtra,CMS Computers Ltd,Amravati,Buldhana,359,377,225,116,0,109,0
Maharashtra,CMS Computers Ltd,Amravati,Washim,198,218,127,63,0,64,0
Maharashtra,CMS Computers Ltd,Amravati,Yeotmal,532,552,235,137,0,98,0
Maharashtra,CMS Computers Ltd,Aurangabad,Aurangabad,336,354,389,241,0,148,0
Maharashtra,CMS Computers Ltd,Aurangabad,Beed,342,359,320,242,0,78,0
Maharashtra,CMS Computers Ltd,Aurangabad,Hingoli,177,190,108,61,0,47,0
Maharashtra,CMS Computers Ltd,Aurangabad,Jalana,243,259,183,92,0,91,0
Maharashtra,CMS Computers Ltd,Aurangabad,Latur,236,236,203,126,0,77,0
Maharashtra,CMS Computers Ltd,Aurangabad,Nanded,402,465,380,269,0,111,0
Maharashtra,CMS Computers Ltd,Aurangabad,Osmanabad,183,192,183,134,0,49,0
Maharashtra,CMS Computers Ltd,Aurangabad,Parbhani,210,213,162,99,0,63,0
Maharashtra,Reliance Communications,Nagpur,Bhandara,242,297,234,74,0,70,90
Maharashtra,Reliance Communications,Nagpur,Chandrapur,489,573,430,74,0,228,128
Maharashtra,Reliance Communications,Nagpur,Gadchiroli,459,172,138,41,0,64,33
Maharashtra,Reliance Communications,Nagpur,Gondiya,264,334,257,80,0,78,99
Maharashtra,Reliance Communications,Nagpur,Nagpur,528,610,437,105,0,200,132
Maharashtra,Reliance Communications,Nagpur,Wardha,372,168,162,4,0,84,74
Manipur,Zoom developers,MN-01 Zone 1,Bishnupur,9,9,127,47,11,35,34
Manipur,Zoom developers,MN-01 Zone 1,Chandel,60,60,0,0,0,0,0
Manipur,Zoom developers,MN-01 Zone 1,Churachandpur,91,91,0,0,0,0,0
Manipur,Zoom developers,MN-01 Zone 1,Imphal East,34,34,0,0,0,0,0
Manipur,Zoom developers,MN-01 Zone 1,Imphal West,22,22,0,0,0,0,0
Manipur,Zoom developers,MN-01 Zone 1,Senapati,104,104,0,0,0,0,0
Manipur,Zoom developers,MN-01 Zone 1,Tamenglong,29,29,0,0,0,0,0
Manipur,Zoom developers,MN-01 Zone 1,Thoubal,17,17,0,0,0,0,0
Manipur,Zoom developers,MN-01 Zone 1,Ukhrul,33,33,0,0,0,0,0
Meghalaya,BASIX,ML-01 Zone1,East Garo Hills,25,13,7,0,7,0,0
Meghalaya,BASIX,ML-01 Zone1,East Khasi Hills,59,75,49,6,41,0,2
Meghalaya,BASIX,ML-01 Zone1,Jaintia Hills,30,30,11,0,11,0,0
Meghalaya,BASIX,ML-01 Zone1,Ri Bhoi,25,29,12,0,12,0,0
Meghalaya,BASIX,ML-01 Zone1,South Garo Hills,10,8,3,0,3,0,0
Meghalaya,BASIX,ML-01 Zone1,West Garo Hills,40,30,21,1,18,0,2
Meghalaya,BASIX,ML-01 Zone1,West Khasi Hills,36,40,12,1,11,0,0
Mizoram,Zoram Electronics Dev Corp Ltd,,,136,136,107,58,29,20,0
Nagaland,SCA Terminated,Nagaland-Zone 1,Dimapur,25,0,0,0,0,0,0
Nagaland,SCA Terminated,Nagaland-Zone 1,Kohima,25,0,0,0,0,0,0
Nagaland,SCA Terminated,Nagaland-Zone 1,Mokokchung,25,0,0,0,0,0,0
Nagaland,SCA Terminated,Nagaland-Zone 1,Mon,20,0,0,0,0,0,0
Nagaland,SCA Terminated,Nagaland-Zone 1,Phek,20,0,0,0,0,0,0
Nagaland,SCA Terminated,Nagaland-Zone 1,Peren,15,0,0,0,0,0,0
Nagaland,SCA Terminated,Nagaland-Zone 1,Kiphire,15,0,0,0,0,0,0
Nagaland,SCA Terminated,Nagaland-Zone 1,Longling,15,0,0,0,0,0,0
Nagaland,SCA Terminated,Nagaland-Zone 1,Tuensang,20,0,0,0,0,0,0
Nagaland,SCA Terminated,Nagaland-Zone 1,Wokha,20,0,0,0,0,0,0
Nagaland,SCA Terminated,Nagaland-Zone 1,Zunheboto,20,0,0,0,0,0,0
Orissa,Zoom Developers,Zone 1,Balasore,492,323,141,54,0,0,87
Orissa,Zoom Developers,Zone 1,Bhadrak,219,221,60,17,0,0,43
Orissa,Zoom Developers,Zone 1,Jajpur,296,143,40,19,0,0,21
Orissa,Zoom Developers,Zone 1,Kendrapara,257,202,63,29,0,0,34
Orissa,Zoom Developers,Zone 1,Mayurbhanj,658,393,195,48,0,0,147
Orissa,Zoom Developers,Zone 3,Angul,318,134,65,18,0,0,47
Orissa,Zoom Developers,Zone 3,Deogarh,146,35,17,8,0,0,9
Orissa,Zoom Developers,Zone 3,Dhenkanal,202,137,50,28,0,0,22
Orissa,Zoom Developers,Zone 3,Keonjhar,354,210,89,9,0,0,80
Orissa,Zoom Developers,Zone 3,Sundergarh,294,188,49,15,0,0,34
Orissa,SREI Sahaj,Zone 4,Bargarh,201,181,139,81,50,8,0
Orissa,SREI Sahaj,Zone 4,Bolangir,299,152,119,77,36,6,0
Orissa,SREI Sahaj,Zone 4,Boudh,198,60,51,21,28,2,0
Orissa,SREI Sahaj,Zone 4,Jharsuguda,58,75,60,22,36,2,0
Orissa,SREI Sahaj,Zone 4,Sambalpur,220,133,110,63,43,4,0
Orissa,SREI Sahaj,Zone 4,Sonepur,160,79,71,32,36,3,0
Orissa,SREI Sahaj,Zone 6,Kalahandi,373,235,214,17,194,3,0
Orissa,SREI Sahaj,Zone 6,Koraput,338,261,236,25,208,3,0
Orissa,SREI Sahaj,Zone 6,Malkangiri,174,112,98,4,91,3,0
Orissa,SREI Sahaj,Zone 6,Nabarangpur,150,161,143,2,140,1,0
Orissa,SREI Sahaj,Zone 6,Nuapara,111,100,88,1,86,1,0
Orissa,SREI Sahaj,Zone 2,Cuttack,325,233,178,85,92,1,0
Orissa,SREI Sahaj,Zone 2,Jagatsinghpur,215,126,106,82,21,3,0
Orissa,SREI Sahaj,Zone 2,Khurda,258,140,126,94,31,1,0
Orissa,SREI Sahaj,Zone 2,Nayagarh,282,135,117,87,24,6,0
Orissa,SREI Sahaj,Zone 2,Puri,286,158,116,69,45,2,0
Orissa,BASIX,Zone 5,Gajapati,270,170,162,11,0,0,151
Orissa,BASIX,Zone 5,Ganjam,535,469,438,43,0,0,395
Orissa,BASIX,Zone 5,Kandhmal,424,146,110,28,0,0,82
Orissa,BASIX,Zone 5,Rayagada,445,190,181,10,0,0,171
Puducherry,Tera Software,Puducherry Zone 5,Karaikal,21,21,23,21,0,0,2
Puducherry,Tera Software,Puducherry Zone 5,Mahe,5,5,5,5,0,0,0
Puducherry,Tera Software,Puducherry Zone 5,Puducherry,35,35,33,33,0,0,0
Puducherry,Tera Software,Puducherry Zone 5,Yanam,5,4,4,4,0,0,0
Punjab,AISECT,Zone 1,Gurdaspur,270,254,254,75,0,0,179
Punjab,AISECT,Zone 3,Hoshiarpur,236,251,251,34,0,0,217
Punjab,AISECT,Zone 3,Nawanshahar,79,80,80,36,0,0,44
Punjab,BASIX,Zone 4,Jalandar,158,109,109,109,0,0,0
Punjab,BASIX,Zone 4,Kapurthala,115,93,93,93,0,0,0
Punjab,BASIX,Zone 5,Fatehgarh Saheb,74,69,69,51,0,2,16
Punjab,BASIX,Zone 5,Ludhiana,153,133,133,129,0,0,4
Punjab,BASIX,Zone 6,Patiala,181,169,169,147,0,7,15
Punjab,BASIX,Zone 6,Mohali,73,122,122,116,0,2,4
Punjab,BASIX,Zone 6,Rupnagar,75,0,0,0,0,0,0
Punjab,Calance / Vakrangee,Zone 2,Amritsar,118,115,115,67,0,25,23
Punjab,Calance / Vakrangee,Zone 2,Taran Taran,87,90,90,44,0,10,36
Punjab,Tera Software,Zone 7,Sangrur & Barnala,117,0,0,0,0,0,0
Punjab,SPANCO Ltd,Zone 8,Mansa,40,10,10,8,0,0,2
Punjab,SPANCO Ltd,Zone 8,Bhatinda,47,24,24,13,0,11,0
Punjab,SPANCO Ltd,Zone 9,Moga,55,18,18,11,0,6,1
Punjab,SPANCO Ltd,Zone 9,Faridkot,28,18,18,4,0,7,7
Punjab,SPANCO Ltd,Zone 9,Muktsar,39,22,22,5,0,5,12
Punjab,SPANCO Ltd,Zone 10,Ferozpur,167,11,11,1,0,5,5
Rajasthan,CMS Computers Ltd,Ajmer,Ajmer,172,615,611,361,0,0,250
Rajasthan,CMS Computers Ltd,Ajmer,Bhilwara,284,0,0,0,0,0,0
Rajasthan,CMS Computers Ltd,Ajmer,Nagaur,249,0,0,0,0,0,0
Rajasthan,CMS Computers Ltd,Ajmer,Tonk,173,0,0,0,0,0,0
Rajasthan,CMS Computers Ltd,Jaipur,Alwar,327,865,836,597,0,0,239
Rajasthan,CMS Computers Ltd,Jaipur,Dausa,171,0,0,0,0,0,0
Rajasthan,CMS Computers Ltd,Jaipur,Jaipur ,348,0,0,0,0,0,0
Rajasthan,CMS Computers Ltd,Jaipur,Jhunjhunu,144,0,0,0,0,0,0
Rajasthan,CMS Computers Ltd,Jaipur,Sikar,166,0,0,0,0,0,0
Rajasthan,CMS Computers Ltd,Kota,Baran ,183,491,488,237,0,0,251
Rajasthan,CMS Computers Ltd,Kota,Bundi,141,0,0,0,0,0,0
Rajasthan,CMS Computers Ltd,Kota,Jhalawar,246,0,0,0,0,0,0
Rajasthan,CMS Computers Ltd,Kota,Kota,136,0,0,0,0,0,0
Rajasthan,CMS Computers Ltd,Udaipur,Banswara,244,715,710,341,0,0,369
Rajasthan,CMS Computers Ltd,Udaipur,Chittorgarh,252,0,0,0,0,0,0
Rajasthan,CMS Computers Ltd,Udaipur,Dungarpur,143,0,0,0,0,0,0
Rajasthan,CMS Computers Ltd,Udaipur,Pratapgarh,160,0,0,0,0,0,0
Rajasthan,CMS Computers Ltd,Udaipur,Rajsamand ,162,0,0,0,0,0,0
Rajasthan,CMS Computers Ltd,Udaipur,Udaipur,353,0,0,0,0,0,0
Rajasthan,Vakrangee,Jodhpur,Barmer,324,662,662,627,0,0,35
Rajasthan,Vakrangee,Jodhpur,Jaisalmer,99,0,0,0,0,0,0
Rajasthan,Vakrangee,Jodhpur,Jalore,117,0,0,0,0,0,0
Rajasthan,Vakrangee,Jodhpur,Jodhpur,178,0,0,0,0,0,0
Rajasthan,Vakrangee,Jodhpur,Pali,157,0,0,0,0,0,0
Rajasthan,Vakrangee,Jodhpur,Sirohi,76,0,0,0,0,0,0
Rajasthan,Vakrangee,Bikaner,Bikaner,136,535,531,513,0,0,18
Rajasthan,Vakrangee,Bikaner,Churu,143,0,0,0,0,0,0
Rajasthan,Vakrangee,Bikaner,Hanumangarh,279,0,0,0,0,0,0
Rajasthan,Vakrangee,Bikaner,Sri Ganganagar,456,0,0,0,0,0,0
Rajasthan,Vakrangee,Bharatpur,Bharatpur,230,341,340,335,0,0,5
Rajasthan,Vakrangee,Bharatpur,Dholpur,132,0,0,0,0,0,0
Rajasthan,Vakrangee,Bharatpur,Karauli,125,0,0,0,0,0,0
Rajasthan,Vakrangee,Bharatpur,Sawai Madhopur,120,0,0,0,0,0,0
Sikkim,IL&FS Ltd. ,SK-01-Zone1,East,13,45,43,0,40,0,3
Sikkim,IL&FS Ltd. ,SK-01-Zone1,North,8,0,0,0,0,0,0
Sikkim,IL&FS Ltd. ,SK-01-Zone1,South,13,0,0,0,0,0,0
Sikkim,IL&FS Ltd. ,SK-01-Zone1,West,11,0,0,0,0,0,0
Tamil Nadu,SREI Sahaj,North East,Dharmapuri,163,1045,1045,702,343,0,0
Tamil Nadu,SREI Sahaj,North East,Krishnagiri,221,0,0,0,0,0,0
Tamil Nadu,SREI Sahaj,North East,Thirruvanamalai,367,0,0,0,0,0,0
Tamil Nadu,SREI Sahaj,North East,Vellore,294,0,0,0,0,0,0
Tamil Nadu,SREI Sahaj,North East,other districts,0,0,0,0,0,0,0
Tamil Nadu,PACS,,,0,1638,1638,1638,0,0,0
Tamil Nadu,SCA Terminated,Central,Ariyalur,4395,0,0,0,0,0,0
Tamil Nadu,SCA Terminated,Central,Nagapattinam,0,0,0,0,0,0,0
Tamil Nadu,SCA Terminated,Central,Perambalur,0,0,0,0,0,0,0
Tamil Nadu,SCA Terminated,Central,Pudukottai,0,0,0,0,0,0,0
Tamil Nadu,SCA Terminated,Central,Thanjavur,0,0,0,0,0,0,0
Tamil Nadu,SCA Terminated,Central,Thiruchirapalli,0,0,0,0,0,0,0
Tamil Nadu,SCA Terminated,Central,Thiruvarur,0,0,0,0,0,0,0
Tamil Nadu,SCA Terminated,East,Cuddalore,0,0,0,0,0,0,0
Tamil Nadu,SCA Terminated,East,Kancheepuram,0,0,0,0,0,0,0
Tamil Nadu,SCA Terminated,East,Thiruvallur,0,0,0,0,0,0,0
Tamil Nadu,SCA Terminated,East,Viluppuram,0,0,0,0,0,0,0
Tamil Nadu,SCA Terminated,North West,Coimbatore,0,0,0,0,0,0,0
Tamil Nadu,SCA Terminated,North West,Dindigul,0,0,0,0,0,0,0
Tamil Nadu,SCA Terminated,North West,Erode,0,0,0,0,0,0,0
Tamil Nadu,SCA Terminated,North West,Karur,0,0,0,0,0,0,0
Tamil Nadu,SCA Terminated,North West,Namakkal,0,0,0,0,0,0,0
Tamil Nadu,SCA Terminated,North West,Nilgiris,0,0,0,0,0,0,0
Tamil Nadu,SCA Terminated,North West,Salem,0,0,0,0,0,0,0
Tamil Nadu,SCA Terminated,South,Kanniyakumari,0,0,0,0,0,0,0
Tamil Nadu,SCA Terminated,South,Madurai,0,0,0,0,0,0,0
Tamil Nadu,SCA Terminated,South,Ramnathapuram,0,0,0,0,0,0,0
Tamil Nadu,SCA Terminated,South,Sivaganga,0,0,0,0,0,0,0
Tamil Nadu,SCA Terminated,South,Theni,0,0,0,0,0,0,0
Tamil Nadu,SCA Terminated,South,Thirunelveli,0,0,0,0,0,0,0
Tamil Nadu,SCA Terminated,South,Thootikodi,0,0,0,0,0,0,0
Tamil Nadu,SCA Terminated,South,Virudhunagar,0,0,0,0,0,0,0
Tripura,BASIX,TR-01 Zone1,North,17,16,27,17,10,0,0
Tripura,BASIX,TR-01 Zone1,Unakoti,10,11,16,11,5,0,0
Tripura,BASIX,TR-01 Zone1,South,19,19,32,19,13,0,0
Tripura,BASIX,TR-01 Zone1,Gomati,21,21,26,21,5,0,0
Tripura,BASIX,TR-01 Zone1,West,20,20,24,20,4,0,0
Tripura,BASIX,TR-01 Zone1,Khowai,22,22,24,22,2,0,0
Tripura,BASIX,TR-01 Zone1,Sepahijala,19,19,22,19,3,0,0
Tripura,BASIX,TR-01 Zone1,Dhalai,17,17,26,16,10,0,0
Uttar Pradesh,CMS Computers Ltd,Moradabad,Moradabad,301,188,120,51,0,34,35
Uttar Pradesh,CMS Computers Ltd,Moradabad,Bijnor,497,238,167,65,0,43,59
Uttar Pradesh,CMS Computers Ltd,Moradabad,Rampur,193,170,99,50,0,35,14
Uttar Pradesh,CMS Computers Ltd,Moradabad,JP Nagar,188,168,82,46,0,21,15
Uttar Pradesh,CMS Computers Ltd,Moradabad,Saharanpur,267,211,122,66,0,31,25
Uttar Pradesh,CMS Computers Ltd,Moradabad,Muzaffar Nagar,169,167,134,71,0,37,26
Uttar Pradesh,CMS Computers Ltd,Kanpur,Kanpur Nagar,167,135,94,43,0,28,23
Uttar Pradesh,CMS Computers Ltd,Kanpur,Kanpur Dehat,174,134,92,39,0,31,22
Uttar Pradesh,CMS Computers Ltd,Kanpur,Farrukhabad,169,131,75,37,0,29,9
Uttar Pradesh,CMS Computers Ltd,Kanpur,Kannoj,127,104,78,36,0,33,9
Uttar Pradesh,CMS Computers Ltd,Kanpur,Etawah,116,107,77,33,0,31,13
Uttar Pradesh,CMS Computers Ltd,Kanpur,Auraiya,140,121,101,43,0,28,30
Uttar Pradesh,CMS Computers Ltd,Kanpur,Jhansi,139,127,93,47,0,26,20
Uttar Pradesh,CMS Computers Ltd,Kanpur,Jalaun,193,142,92,45,0,31,16
Uttar Pradesh,CMS Computers Ltd,Kanpur,Lalitpur,127,115,72,36,0,24,12
Uttar Pradesh,CMS Computers Ltd,Kanpur/Chitrakoot,Chitrakoot,108,99,84,32,0,22,30
Uttar Pradesh,CMS Computers Ltd,Kanpur/Chitrakoot,Hamirpur,104,89,65,24,0,24,17
Uttar Pradesh,CMS Computers Ltd,Kanpur/Chitrakoot,Mahoba,86,78,66,27,0,23,16
Uttar Pradesh,CMS Computers Ltd,Kanpur/Chitrakoot,Banda,117,112,84,32,0,29,23
Uttar Pradesh,SREI Sahaj,Lucknow,Basti,560,293,247,14,82,151,0
Uttar Pradesh,SREI Sahaj,Lucknow,Deoria,362,325,239,11,74,138,16
Uttar Pradesh,SREI Sahaj,Lucknow,Gorakhpur,555,549,378,40,110,201,27
Uttar Pradesh,SREI Sahaj,Lucknow,Hardoi,347,183,136,2,60,59,15
Uttar Pradesh,SREI Sahaj,Lucknow,Kushi Nagar,273,264,218,7,102,103,6
Uttar Pradesh,SREI Sahaj,Lucknow,Lakhimpur kheri,300,221,188,5,55,115,13
Uttar Pradesh,SREI Sahaj,Lucknow,Lucknow,142,142,139,3,30,99,7
Uttar Pradesh,SREI Sahaj,Lucknow,Maharajganj,206,195,177,6,62,85,24
Uttar Pradesh,SREI Sahaj,Lucknow,Rai Bareli,297,297,291,18,58,208,7
Uttar Pradesh,SREI Sahaj,Lucknow,Sant Kabir Nagar,288,138,119,9,69,20,21
Uttar Pradesh,SREI Sahaj,Lucknow,Siddharta Nagar,426,210,153,4,43,93,13
Uttar Pradesh,SREI Sahaj,Lucknow,Sitapur,394,364,332,3,70,240,19
Uttar Pradesh,SREI Sahaj,Lucknow,Unnao,299,261,171,3,52,102,14
Uttar Pradesh,SREI Sahaj,Varanasi,Allahabad,512,443,270,12,65,168,25
Uttar Pradesh,SREI Sahaj,Varanasi,Chandoli,271,180,125,15,40,47,23
Uttar Pradesh,SREI Sahaj,Varanasi,Fatehpur,255,255,196,9,58,107,22
Uttar Pradesh,SREI Sahaj,Varanasi,Gazipur,561,477,231,35,77,96,23
Uttar Pradesh,SREI Sahaj,Varanasi,Jaunpur,567,499,253,34,100,98,21
Uttar Pradesh,SREI Sahaj,Varanasi,Kaushambi,146,146,128,2,40,75,11
Uttar Pradesh,SREI Sahaj,Varanasi,Mirzapur,329,231,152,6,70,51,25
Uttar Pradesh,SREI Sahaj,Varanasi,Pratapgarh,363,363,271,28,78,153,12
Uttar Pradesh,SREI Sahaj,Varanasi,Sant Rabidas Nagar,204,153,117,24,37,48,8
Uttar Pradesh,SREI Sahaj,Varanasi,Sonbhadra,240,223,172,5,43,103,21
Uttar Pradesh,SREI Sahaj,Varanasi,Varanasi,221,221,199,37,43,107,12
Uttar Pradesh,Vayam Tech,Bareilly,Badaun,349,175,128,14,0,0,114
Uttar Pradesh,Vayam Tech,Bareilly,Bahraich,232,25,25,4,0,0,21
Uttar Pradesh,Vayam Tech,Bareilly,Balrampur,170,10,10,2,0,0,8
Uttar Pradesh,Vayam Tech,Bareilly,Bareilly,346,121,95,10,0,0,85
Uttar Pradesh,Vayam Tech,Bareilly,Gonda,304,150,150,60,0,0,90
Uttar Pradesh,Vayam Tech,Bareilly,Pilibhit,240,85,60,12,0,0,48
Uttar Pradesh,Vayam Tech,Bareilly,Shahjahanpur,389,142,135,20,0,0,115
Uttar Pradesh,Vayam Tech,Bareilly,Shravasti,90,0,0,0,0,0,0
Uttar Pradesh,Vayam Tech,Faizabad,Ambedkar Nagar,297,110,85,10,0,0,75
Uttar Pradesh,Vayam Tech,Faizabad,Amethi (CS Nagar),134,29,29,20,0,0,9
Uttar Pradesh,Vayam Tech,Faizabad,Azamgarh,705,180,180,40,0,0,140
Uttar Pradesh,Vayam Tech,Faizabad,Balia,387,250,250,50,0,0,200
Uttar Pradesh,Vayam Tech,Faizabad,Barabanki,349,110,92,20,0,0,72
Uttar Pradesh,Vayam Tech,Faizabad,Faizabad,166,135,135,21,0,0,114
Uttar Pradesh,Vayam Tech,Faizabad,Mau ,271,190,177,35,0,0,142
Uttar Pradesh,Vayam Tech,Faizabad,Sultanpur,292,50,50,50,0,0,0
Uttar Pradesh,Vayam Tech,Agra,Agra,156,110,99,21,0,0,78
Uttar Pradesh,Vayam Tech,Agra,Aligarh,201,80,72,14,0,0,58
Uttar Pradesh,Vayam Tech,Agra,Baghpat,52,46,30,1,0,0,29
Uttar Pradesh,Vayam Tech,Agra,Bulandshahr,208,102,100,1,0,0,99
Uttar Pradesh,Vayam Tech,Agra,Etah,167,75,70,2,0,0,68
Uttar Pradesh,Vayam Tech,Agra,Firozabad,135,92,90,6,0,0,84
Uttar Pradesh,Vayam Tech,Agra,G.B. Nagar,62,38,38,10,0,0,28
Uttar Pradesh,Vayam Tech,Agra,Ghaziabad,36,33,26,11,0,0,15
Uttar Pradesh,Vayam Tech,Agra,Hapur,59,33,30,23,0,0,7
Uttar Pradesh,Vayam Tech,Agra,Hathras,113,61,60,12,0,0,48
Uttar Pradesh,Vayam Tech,Agra,Kasganj ( Kanshi Ram Nagar),100,47,45,11,0,0,34
Uttar Pradesh,Vayam Tech,Agra,Mainpuri,142,90,90,18,0,0,72
Uttar Pradesh,Vayam Tech,Agra,Mathura,146,78,75,17,0,0,58
Uttar Pradesh,Vayam Tech,Agra,Meerut,111,76,64,10,0,0,54
Uttar Pradesh,Lokvani Kendra,Uttar Pradesh,Agra,0,0,0,0,0,0,0
Uttar Pradesh,Lokvani Kendra,Uttar Pradesh,Aligarh,15,15,15,0,0,0,15
Uttar Pradesh,Lokvani Kendra,Uttar Pradesh,Allahabad,14,14,14,0,0,0,14
Uttar Pradesh,Lokvani Kendra,Uttar Pradesh,Ambedkarnagar,3,3,3,0,0,0,3
Uttar Pradesh,Lokvani Kendra,Uttar Pradesh,Auraiya,8,8,8,0,0,0,8
Uttar Pradesh,Lokvani Kendra,Uttar Pradesh,Azamgarh,0,0,0,0,0,0,0
Uttar Pradesh,Lokvani Kendra,Uttar Pradesh,Bagpat,4,4,4,0,0,0,4
Uttar Pradesh,Lokvani Kendra,Uttar Pradesh,Bahraich,0,0,0,0,0,0,0
Uttar Pradesh,Lokvani Kendra,Uttar Pradesh,Ballia,5,5,5,0,0,0,5
Uttar Pradesh,Lokvani Kendra,Uttar Pradesh,Balrampur,0,0,0,0,0,0,0
Uttar Pradesh,Lokvani Kendra,Uttar Pradesh,Banda,0,0,0,0,0,0,0
Uttar Pradesh,Lokvani Kendra,Uttar Pradesh,Barabanki,5,5,5,0,0,0,5
Uttar Pradesh,Lokvani Kendra,Uttar Pradesh,Bareilly,0,0,0,0,0,0,0
Uttar Pradesh,Lokvani Kendra,Uttar Pradesh,Basti,35,35,35,0,0,0,35
Uttar Pradesh,Lokvani Kendra,Uttar Pradesh,Bijnor,0,0,0,0,0,0,0
Uttar Pradesh,Lokvani Kendra,Uttar Pradesh,Budaun,6,6,6,0,0,0,6
Uttar Pradesh,Lokvani Kendra,Uttar Pradesh,Bullandshahar,18,18,18,0,0,0,18
Uttar Pradesh,Lokvani Kendra,Uttar Pradesh,Chandauli,9,9,9,0,0,0,9
Uttar Pradesh,Lokvani Kendra,Uttar Pradesh,Chitrakoot,0,0,0,0,0,0,0
Uttar Pradesh,Lokvani Kendra,Uttar Pradesh,Deoria,5,5,5,0,0,0,5
Uttar Pradesh,Lokvani Kendra,Uttar Pradesh,Etah,13,13,13,0,0,0,13
Uttar Pradesh,Lokvani Kendra,Uttar Pradesh,Etawah,3,3,3,0,0,0,3
Uttar Pradesh,Lokvani Kendra,Uttar Pradesh,Faizabad,8,8,8,0,0,0,8
Uttar Pradesh,Lokvani Kendra,Uttar Pradesh,Farukkhabad,0,0,0,0,0,0,0
Uttar Pradesh,Lokvani Kendra,Uttar Pradesh,Fatehpur,0,0,0,0,0,0,0
Uttar Pradesh,Lokvani Kendra,Uttar Pradesh,Firozabad,5,5,5,0,0,0,5
Uttar Pradesh,Lokvani Kendra,Uttar Pradesh,Gautambudh Nagar,0,0,0,0,0,0,0
Uttar Pradesh,Lokvani Kendra,Uttar Pradesh,Ghaziabad,0,0,0,0,0,0,0
Uttar Pradesh,Lokvani Kendra,Uttar Pradesh,Ghazipur,7,7,7,0,0,0,7
Uttar Pradesh,Lokvani Kendra,Uttar Pradesh,Gonda,36,36,36,0,0,0,36
Uttar Pradesh,Lokvani Kendra,Uttar Pradesh,Gorakhpur,4,4,4,0,0,0,4
Uttar Pradesh,Lokvani Kendra,Uttar Pradesh,Hamirpur,35,35,35,0,0,0,35
Uttar Pradesh,Lokvani Kendra,Uttar Pradesh,Hardoi,35,35,35,0,0,0,35
Uttar Pradesh,Lokvani Kendra,Uttar Pradesh,Hathras,0,0,0,0,0,0,0
Uttar Pradesh,Lokvani Kendra,Uttar Pradesh,J.P. Nagar,5,5,5,0,0,0,5
Uttar Pradesh,Lokvani Kendra,Uttar Pradesh,Jalaun,17,17,17,0,0,0,17
Uttar Pradesh,Lokvani Kendra,Uttar Pradesh,Jaunpur,3,3,3,0,0,0,3
Uttar Pradesh,Lokvani Kendra,Uttar Pradesh,Jhansi,17,17,17,0,0,0,17
Uttar Pradesh,Lokvani Kendra,Uttar Pradesh,Kannauj,0,0,0,0,0,0,0
Uttar Pradesh,Lokvani Kendra,Uttar Pradesh,Kanpur Dehat,22,22,22,0,0,0,22
Uttar Pradesh,Lokvani Kendra,Uttar Pradesh,Kanpur Nagar,2,2,2,0,0,0,2
Uttar Pradesh,Lokvani Kendra,Uttar Pradesh,Kaushambi,0,0,0,0,0,0,0
Uttar Pradesh,Lokvani Kendra,Uttar Pradesh,Kushinagar,0,0,0,0,0,0,0
Uttar Pradesh,Lokvani Kendra,Uttar Pradesh,Lakhimpur Kheri,7,7,7,0,0,0,7
Uttar Pradesh,Lokvani Kendra,Uttar Pradesh,Lalitpur,0,0,0,0,0,0,0
Uttar Pradesh,Lokvani Kendra,Uttar Pradesh,Lucknow,25,25,25,0,0,0,25
Uttar Pradesh,Lokvani Kendra,Uttar Pradesh,Maharajganj,0,0,0,0,0,0,0
Uttar Pradesh,Lokvani Kendra,Uttar Pradesh,Mahoba,3,3,3,0,0,0,3
Uttar Pradesh,Lokvani Kendra,Uttar Pradesh,Mainpuri,0,0,0,0,0,0,0
Uttar Pradesh,Lokvani Kendra,Uttar Pradesh,Mathura,10,10,10,0,0,0,10
Uttar Pradesh,Lokvani Kendra,Uttar Pradesh,Mau,4,4,4,0,0,0,4
Uttar Pradesh,Lokvani Kendra,Uttar Pradesh,Meerut,18,18,18,0,0,0,18
Uttar Pradesh,Lokvani Kendra,Uttar Pradesh,Mirzapur,4,4,4,0,0,0,4
Uttar Pradesh,Lokvani Kendra,Uttar Pradesh,Mordabad,9,9,9,0,0,0,9
Uttar Pradesh,Lokvani Kendra,Uttar Pradesh,Muzaffarnagar,23,23,23,0,0,0,23
Uttar Pradesh,Lokvani Kendra,Uttar Pradesh,Pilibhit,15,15,15,0,0,0,15
Uttar Pradesh,Lokvani Kendra,Uttar Pradesh,Pratapgarh,8,8,8,0,0,0,8
Uttar Pradesh,Lokvani Kendra,Uttar Pradesh,Raebareli,25,25,25,0,0,0,25
Uttar Pradesh,Lokvani Kendra,Uttar Pradesh,Rampur,3,3,3,0,0,0,3
Uttar Pradesh,Lokvani Kendra,Uttar Pradesh,Saharanpur,0,0,0,0,0,0,0
Uttar Pradesh,Lokvani Kendra,Uttar Pradesh,Sant Kabir Nagar,0,0,0,0,0,0,0
Uttar Pradesh,Lokvani Kendra,Uttar Pradesh,Sant Ravidas Nagar,0,0,0,0,0,0,0
Uttar Pradesh,Lokvani Kendra,Uttar Pradesh,Shahjahanpur,26,26,26,0,0,0,26
Uttar Pradesh,Lokvani Kendra,Uttar Pradesh,Shravasti,0,0,0,0,0,0,0
Uttar Pradesh,Lokvani Kendra,Uttar Pradesh,Siddarthnagar,2,2,2,0,0,0,2
Uttar Pradesh,Lokvani Kendra,Uttar Pradesh,Sitapur,120,120,120,0,0,0,120
Uttar Pradesh,Lokvani Kendra,Uttar Pradesh,Sonbhadra,22,22,22,0,0,0,22
Uttar Pradesh,Lokvani Kendra,Uttar Pradesh,Sultanpur,150,150,150,0,0,0,150
Uttar Pradesh,Lokvani Kendra,Uttar Pradesh,Unnao,12,12,12,0,0,0,12
Uttar Pradesh,Lokvani Kendra,Uttar Pradesh,Varanasi,11,11,11,0,0,0,11
Uttarakhand,Reliance Communications,Pauri,Almora,379,379,242,101,29,63,49
Uttarakhand,Reliance Communications,Pauri,Bageshwar,159,159,85,17,32,5,31
Uttarakhand,Reliance Communications,Pauri,Chamoli,208,208,82,46,5,4,27
Uttarakhand,Reliance Communications,Pauri,Haridwar,104,237,183,66,0,37,80
Uttarakhand,Reliance Communications,Pauri,Pauri Garhwal,544,549,224,93,10,10,111
Uttarakhand,Reliance Communications,Kumoun,Champawat,115,118,89,32,19,7,31
Uttarakhand,Reliance Communications,Kumoun,Nainital,191,206,170,89,14,44,23
Uttarakhand,Reliance Communications,Kumoun,Pithoragarh,279,279,159,94,13,6,46
Uttarakhand,Reliance Communications,Kumoun,Udham Singh Nagar,119,194,172,119,0,6,47
Uttarakhand,SCA terminated,Dehradun,Dehradun,706,0,0,0,0,0,0
Uttarakhand,SCA terminated,Dehradun,Rudraprayag,0,0,0,0,0,0,0
Uttarakhand,SCA terminated,Dehradun,Tehri Garhwal,0,0,0,0,0,0,0
Uttarakhand,SCA terminated,Dehradun,Uttarkashi,0,0,0,0,0,0,0
West Bengal,SREI Sahaj,Zone-1,Coochbehar,245,247,5609,944,2079,1315,1271
West Bengal,SREI Sahaj,Zone-1,Darjeeling,256,69,0,0,0,0,0
West Bengal,SREI Sahaj,Zone-1,Jalpaiguri,279,279,0,0,0,0,0
West Bengal,SREI Sahaj,Zone-2,Dakshin Dinapur,138,128,0,0,0,0,0
West Bengal,SREI Sahaj,Zone-2,Malda,306,310,0,0,0,0,0
West Bengal,SREI Sahaj,Zone-2,Uttar Dinajpur,205,167,0,0,0,0,0
West Bengal,SREI Sahaj,Zone-3,Murshidabad,540,498,0,0,0,0,0
West Bengal,SREI Sahaj,Zone-3,Nadia,395,412,0,0,0,0,0
West Bengal,SREI Sahaj,Zone-4,North 24 Parganas,395,420,0,0,0,0,0
West Bengal,SREI Sahaj,Zone-4,Paschim Medinipur,571,458,0,0,0,0,0
West Bengal,SREI Sahaj,Zone-5,Burdwan,553,559,0,0,0,0,0
West Bengal,SREI Sahaj,Zone-5,Purulia,341,272,0,0,0,0,0
West Bengal,SREI Sahaj,Zone-6,Howrah,327,309,0,0,0,0,0
West Bengal,SREI Sahaj,Zone-6,South 24 Parganas,651,670,0,0,0,0,0
West Bengal,SREI Sahaj,Zone - 7,Bankura,398,229,0,0,0,0,0
West Bengal,SREI Sahaj,Zone - 7,Hooghly,434,419,0,0,0,0,0
West Bengal,SREI Sahaj,Zone - 8,Birbhum,327,204,0,0,0,0,0
West Bengal,SREI Sahaj,Zone - 8,Purba Medinipur,436,470,0,0,0,0,0
