"HOTEL NAME","ADDRESS","STATE","PHONE","FAX","EMAIL ID","WEBSITE","TYPE","Rooms"
"The Oberoi Cecil","""Ambedkar ChowkChaura Maidan, Shimla - 171004, HIMACHAL PRADESH""","HIMACHAL PRADESH","0177-2804848 ","0177-2811024","reservations@oberoigroup.com","www.oberoihotels.com","Heritage Grand",75.0
"The Lalit Grand Palace","""Gupkar Road, Srinagar, JAMMU AND KASHMIR""","JAMMU AND KASHMIR",1942501001.0,1942501003.0,"srinagar@thelalit.com","NA","Heritage Grand",112.0
"Hotel Fateh Prakash Palace","""The City Palace Complex, Udaipur - 313001, RAJASTHAN""","RAJASTHAN","0294-2528016-9","0294-2528006","mgrfpp@udaipur.hrhindia.com","www.hrhindia.com","Heritage Grand",30.0
"Shiv Niwas Palace","""The City Palace ComplexUdaipur, Udaipur, RAJASTHAN""","RAJASTHAN",2942528016.0,2942528006.0,"maltidutta50@yahoo.com","NA","Heritage Grand",36.0
"Savoy Hotel ","""77, Sylks Road, Ootacamund, TAMIL NADU""","TAMIL NADU",423244142.0,423443318.0,"savoy.ooty@tajhotels.com","NA","Heritage Grand",40.0
"Raheem Residency","""20/1100Beach Road, Alleppey West - 688 012, KERALA""","KERALA","0477-2230767","0477-2239767","contact@raheemresidency.com","www.raheemresidency.com","Heritage Classic",10.0
"Noor Us Sabah Palace","""V.I.P.RoadKoh-E-Fiza, Bhopal - 462001, MADHYA PRADESH""","MADHYA PRADESH","0755-4223333/4239996","0755-4227777","contact@noorussabahpalace.com/reservations@nusp.in","www.noorussabahpalace.com","Heritage Classic",57.0
"The Panjim Inn ","""31-ST JANUARY ROAD, FONTAINHAS, PANAJI, Panaji , GOA""","GOA",4564277301.0,4565273111.0,"visalam@cghearth.com","www.cghearth.com","Heritage Basic",15.0
"Balaram Palace Resort","""Chitrassani Village,off Abu Palanpur Highway No.14 Banaskantha, BANASKANTHA, GUJARAT""","GUJARAT","07926575286, 2657638",7926578412.0,"balarampalaceresort@gmail.com","NA","Heritage Basic",22.0
"Nilambag Palace Hotel","""Bhavnagar, Bhavnagar, GUJARAT""","GUJARAT","02782424241, 2429323",2782428072.0,"reservation@nilambagpalace.com","NA","Heritage Basic",28.0
"The Fort Ramgarh","""Ramgarh, Panchkula On NH - 73 Delhi Shimla Highway, Near Chandigarh, Panchkula Distt., HARYANA""","HARYANA","01733253072-75, 9814","NA","thefortramgarh@gmail.com","NA","Heritage Basic",12.0
"The Judges Court","""Heritage VillageParagpur, Distt. - Kangra - 177107, HIMACHAL PRADESH""","HIMACHAL PRADESH","01970-245035/245335","01970-245823","eries@vsnl.com/info@judgescourt.com","www.judgescourt.com","Heritage Basic",10.0
"The Palace","""Chail, Solan,HIMACHAL PRADESH""","HIMACHAL PRADESH",1772652704.0,1772652206.0,"maltidutta50@yahoo.com","NA","Heritage Basic",31.0
"The Castle Naggar","""Naggar, Distt. Kullu - 175130, HIMACHAL PRADESH""","HIMACHAL PRADESH",1902248316.0,1902223429.0,"castle@hptddc.in/kullu@hptdc.in","wwwhptdc.nic.in","Heritage Basic",17.0
"Hotel Cherthala House","""Court JunctionEast of P.M.C. - 5, cherthala - 688 524, KERALA""","KERALA","0475-2223688","","housecherthala@hotmail.com","NA","Heritage Basic",5.0
"Heritaga Methanam","""K P XI / 298Near Perumpadappu, Kumbalanghi Bridge, Kumbalanghi P.O., Kochi - 682 007, KERALA""","KERALA",4842248284.0,4842248284.0,"heritagemethanam@gmail.com/info@heritagemethanam.com","www.heritagemethanam.com","Heritage Basic",7.0
"Old Lighthouse Bristow Hotel ","""Beach Road Next to SBI Training Center Fort Kochi , Cochin , KERALA""","KERALA",4843050102.0,"NA","reservations@oldlighthousehotel.com","NA","Heritage Basic",11.0
"Hotel Le Colonial ","""1/215, Church Road, Vasco-da-Gama Square, Fort Cochin , KERALA""","KERALA",4842217181.0,4842217184.0,"lecolonial@dataone.in","NA","Heritage Basic",8.0
"Kunnathur Mana Ayurveda Heritage","""Door No.VIII/666 Punnayurkulam P.O. Thrissur Dist, Kerala, KERALA""","KERALA","0487 2547552, 254755",4872547554.0,"mail@kmaheritage.com","NA","Heritage Basic",7.0
"Old Harbour Hotel","""No-1/328, Tower Road, Fort Kochi , Kochi , KERALA""","KERALA",4842218006.0,"NA","raintree@fortcochin.com","NA","Heritage Basic",13.0
"Coconut Lagoon","""P.O. Box No. 2Kumarakom, Kottayam - 686563, KERALA""","KERALA","0481-2524491-2524373","0481-2524495","coconutlagoon@cghearth.com","www.cghearth.com","Heritage Basic",36.0
"Beach Hotel","""(Beach Heritage Inn (P) Ltd.)Beach Road, Kozhikode - 673032, KERALA""","KERALA","0495-2762055-57","0495-2365363","info@beachheritage.com","www.beachheritage.com","Heritage Basic",6.0
"Palakkad Heritage Hotels","""Koduvayur P.O.Palakkad, Dist., KERALA ""","KERALA",4923252143.0,4923252144.0,"info@palakkadheritagehotel.com","www.palakkadheritagehotel.com","Heritage Basic",5.0
"Somatheeram Ayurvedic Beach Resort (P) Ltd.","""P.O. ChowaraVia Balaramapuram, Thiruvananthapuram - 695501, KERALA""","KERALA","0471-2268101","0471-2267600","mail@somatheeram.in","www.somatheeram.in","Heritage Basic",42.0
"The Hillway Heritage","""Opp. Police Station, State Highway - 1Kilimanoor P.O., Thiruvananthapuram - 695601, KERALA""","KERALA",4702673555.0,"NA","mail@hillwayhotels.com","www.hillwayhotels.com","Heritage Basic",6.0
"Ahilya Fort ","""Ahilya Fort, Maheshwar, W Nimar , Bhopal , MADHYA PRADESH""","MADHYA PRADESH",7283273329.0,"NA","info@ahilyafort.com","www.ahilyafort.com","Heritage Basic",15.0
"Hotel Rock End Manor ","""Pachmarhi Distt. ,HOSHANGABAD , MADHYA PRADESH""","MADHYA PRADESH",7552774340.0,7552779476.0,"info@mptourism.com","www.mptourism.com","Heritage Basic",6.0
"Satpura Retreat","""Pachmarhi, Dist. Hosangabad, MADHYA PRADESH""","MADHYA PRADESH","07578-252097","NA","satpura@mptourism.com","www.mptourism.com","Heritage Basic",6.0
"Hotel Sheesh Mahal ","""MPSTDC, Orchha, Tikamgarh Dist. , MADHYA PRADESH""","MADHYA PRADESH",7552774340.0,7552779476.0,"info@mptourism.com","www.mptourism.com","Heritage Basic",8.0
"Jehan Numa Palace Hotel ","""157, SHAMLA HILL(M.P) , Bhopal , MADHYA PRADESH""","MADHYA PRADESH",755661100.0,755661720.0,"NA","www.hoteljehanumapalace.com","Heritage Basic",98.0
"LE DUPLEIX ","""(unit of auberge Heritage Hotels) 5, CASERNE STREET , Pondicherry, PONDICHERRY""","PONDICHERRY",4132666001.0,4132334258.0,"gmldp@sarovarhotels.com","NA","Heritage Basic",21.0
"Calve","""A Heritage HotelOld No. 36, New No. 44, Vysial Street, Puducherry - 605 001, PUDUCHERRY""","","0413-2224103-2223738","413-2222613","whclve@gmail.com/calve@vsnl.net","www.calve.in","Heritage Basic",11.0
"Welcome Heritage, Khimsar Fort","""Khimsar, RAJASTHAN ""","RAJASTHAN ",1585262345.0,1585262228.0,"reservation@khimsar.com","NA","Heritage Basic",67.0
"The Bagh ","""Agra Achnara Road Pucca Bagh Bharatpur, Bharatpur, RAJASTHAN ""","RAJASTHAN ",1733253072.0,1733253072.0,"contact@thefortramgarh.com","NA","Heritage Basic",29.0
"Gajner Palace","""P.O. GajnerTehsil : Kolayat, Bikaner - 334001, RAJASTHAN""","RAJASTHAN","01534-275061-9","01534-275060","egmnr@gajner.hrhindia.com","www.hrhindia.com","Heritage Basic",45.0
"The Laxmi Niwas Palace ","""(A Unit of Golden Triangle Fort and Palace Pvt. Ltd.) Dr. Karni Singhji Road ,Bikaner ,RAJASTHAN""","RAJASTHAN",8322226523.0,8322435220.0,"panjimin@bsnl.in","NA","Heritage Basic",24.0
"Chomu Palace","""Near Main ChomuBus Stand, Chomu - 303702, RAJASTHAN""","RAJASTHAN ","01423-300400","01423-300400","gm@chomupalacehotel.com/info@chomupalacehotel.com","www.chomupalacehotel.com","Heritage Basic",58.0
"Bissau Palace ","""Outside Chandpole Gate , Jaipur, RAJASTHAN""","RAJASTHAN ",1412304371.0,1412304628.0,"bissau@sancharnet.in","www.bissaupalace.com","Heritage Basic",50.0
"Deogarh Resorts","""Deogarh MahalP.O. Deogarh Madariya, Distt. Rajsamand - 313331, RAJASTHAN""","RAJASTHAN ","02904-252777","02904-252555","deogarh@datainfosys.net","www.deogarhmahal.com","Heritage Basic",45.0
"Shikarbadi Hotel","""Goverdhan Vilas, Udaipur - 313001, RAJASTHAN""","RAJASTHAN ","0294-2583200/04","0294-2584841","shikarbadi@hrhhotels.com","www.hrhhotels.com","Heritage Basic",25.0
"Welcom Heritage - Koolwal Kothi","""House No. 40,Near Government Hospital RoadNawal Garh District, Jhunjhunu, RAJASTHAN""","RAJASTHAN ","01594-225817","01594-225818","indralokhotels@hotmail.com/holidays@welcomheritagehotels.com","www.welcomheritagehotels.com","Heritage Basic",10.0
"Ajit Bhawan","""Near Circuit House, Jodhpur - 342 006, RAJASTHAN""","RAJASTHAN ","0291-2513333, 251141","0291-2510674","reservations@ajitbhawan.com","www.ajitbhawan.com","Heritage Basic",70.0
"Hotel Samode Palace","""Village Samode, Dist. Jaipur - 303806, RAJASTHAN""","RAJASTHAN","01423-240014","01423-240023","reservations@samode.com","www.samode.com","Heritage Basic",43.0
"Raj Niwas Palace","""National Highway-3, Dholpur - 328 001, RAJASTHAN""","RAJASTHAN","05642-220216","05642-224888","info@dholpurpalace.com","www.dholpurpalace.com","Heritage Basic",20.0
"Hotel Castle Mandawa Pvt.Ltd.","""MandawaJhunjhunu District, Shekhawati - 333704, RAJASTHAN""","RAJASTHAN","0141-2371194/2374112","0141-2372084","reservation@castlemandawa.com/castle@datainfosys.net","www.castlemandawa.com","Heritage Basic",70.0
"Rohet Garh","""Village P.O RohetDistt. Pali, Rajasthan, RAJASTHAN""","RAJASTHAN",2936268231.0,2912649368.0,"rohethouse@dataone.in","NA","Heritage Basic",34.0
"Lake Pichola Hotel","""Piplia Haveli, Out Side ChandpoleUdaipur, Rajasthan, Udaipur, RAJASTHAN""","RAJASTHAN",2942431197.0,9242430575.0,"maltidutta50@yahoo.com","NA","Heritage Basic",32.0
"The Ramgarh Lodge","""Ramgarh LakeJamwa Ramgarh, Jaipur - 303109, RAJASTHAN""","RAJASTHAN","01426-214027/214097","01426-252079","ramgarh.jaipur@tajhotels.com","NA","Heritage Basic",14.0
"Hotel Indra Villas ","""A unit of Desert Heritage Resorts Pvt. Ltd. Ward No.2, Village Alsisar , JHUNJHUNU , RAJASTHAN""","RAJASTHAN",1595275567.0,1595275567.0,"info@indravilasalsisar.com","NA","Heritage Basic",43.0
"Singhasan Haveli","""Goenka Chowk, Mandawa,Dist., JHUNJHUNU, RAJASTHAN""","RAJASTHAN",1126124069.0,1126124073.0,"info@singhasanhaveli.com","NA","Heritage Basic",26.0
"Fort Khejarla","""(Aunit of Bhandari Heritage Pvt. Ltd.)Village Khejarla, Via Bilara, Distt. Jodhpur - 342601, RAJASTHAN""","RAJASTHAN","02930-258485 - 25848","02930-258485","khejarlafort@gmail.com","www.jodhpurforkhejarla.com","Heritage Basic",38.0
"Sardargarh Heritage Hotel ","""Sardargarh Fort, Village-Lawa Sardargarh Sardargarh, Dist:-Rajsamand , Rajsamand , RAJASTHAN""","RAJASTHAN",1592223137.0,1592223137.0,"hotelmandawa@yahoo.co.in","NA","Heritage Basic",24.0
"The Sawai Madhopur Lodge","""Ranthambore National Park Road, Sawai Madhopur - 302 005, RAJASTHAN""","RAJASTHAN","07462-220541","07462-220718","vivanta.sawaimadhopur@tajhotels.com","NA","Heritage Basic",36.0
"Karni Bhawan Palace ","""Gandhi Colony Bikaner ,Bikaner ,RAJASTHAN""","RAJASTHAN",1512524701.0,1512522408.0,"karnihotels@satam.net.in","NA","Heritage Basic",12.0
"Norkhill Hotel ","""Stadium Road, Gangtok , SIKKIM""","SIKKIM",3592205637.0,3592205639.0,"norkhill@elginhotels.com","www.elginhotels.com","Heritage Basic",25.0
"Visalam","""7/1/143 LOCAL FUND ROAD, KANADUKATHAN KARAIKUDI, TAMIL NADU, KARAIKUDI, TAMIL NADU""","TAMIL NADU","04565277301, 2",4565273111.0,"visalam@cghearth.com","NA","Heritage Basic",15.0
"Hotel Fairhavens Holiday Home","""Adacent to Head Post Office Mallital, Nainital, UTTARAKHAND""","UTTARAKHAND",5942236057.0,5942236604.0,"fairhavens@rediffmail.com","NA","Heritage Basic",30.0
"The Naini Retreat","""Ayarapatta Sloppes, Nainital - 263001, UTTARAKHAND""","UTTARAKHAND","05942-235105","05942-235103","info@leisurehotels.co.in/bookings@leisurehotels.in","NA","Heritage Basic",32.0
"The Elgin Hotel","""18, H.D. Lama Road, P.O. Darjeeling, WEST BENGAL""","WEST BENGAL",3542257226.0,3542254267.0,"reservation@elginhotels.com","NA","Heritage Basic",20.0
"Taj Falaknuma Palace ","""Engine Bowli, Falaknuma , Hyderabad, ANDHRA PRADESH""","ANDHRA PRADESH",4066298585.0,4066298586.0,"falaknuma.hyderabad@tajhotels.com","NA","5 Star Deluxe",60.0
"ITC HOTEL KAKATIYA","""6-3-1187,BEGUMPETnull, Hyderabad, ANDHRA PRADESH""","ANDHRA PRADESH",402340032.0,4023401045.0,"itckakatiya@itchotel.in","NA","5 Star Deluxe",188.0
"Eros Hotel Managed by Hilton","""S-1American Plaza, International Trade Tower, Nehru Place, New Delhi - 110 019, DELHI""","DELHI","011-41223344","011-26224288","nehruplace.reservations@hilton.com","www3.hilton.com","5 Star Deluxe",216.0
"The Ashok","""50-BChanakyapuri, New Delhi - 110021, DELHI""","DELHI","011-26110101","011-26873216","ashoknd@ndb.vsnl.net.in","www.theashok.com","5 Star Deluxe",550.0
"Hotel Imperial","""Janpath, New Delhi - 110001, DELHI""","DELHI","011-23341234","011-23342255","luxury@theimperialindia.com","www.theimperialindia.com","5 Star Deluxe",233.0
"Hyatt Regency Delhi","""Bhikaji Cama Place, New Delhi - 110066, DELHI""","DELHI","011-26791234","011-26791017","delhi.regency@hyatt.com","NA","5 Star Deluxe",508.0
"ITC-The Maurya","""ITC LimitedDiplomatic Enclave, New Delhi - 110021, DELHI""","DELHI","011-26112233","011-26113333","reservations.itcmaurya@itchotels.in","NA","5 Star Deluxe",440.0
"Le Meridien Hotel","""8, Windsor Place Janpath, New Delhinull, New Delhi, DELHI""","DELHI",1123710101.0,1123714545.0,"info@lemeridien-newdelhi.com","NA","5 Star Deluxe",358.0
"Taj Palace Hotel ","""Sardar Patel Marg , New Delhi ,DELHI""","DELHI",1126110202.0,1126110808.0,"palace.delhi@tajhotels.com","NA","5 Star Deluxe",409.0
"The Lalit","""Barakhamba AvenueConnaught Place,New Delhi - 110001, DELHI""","DELHI","011-44447777","011-44441234","newdelhi@thelalit.com","NA","5 Star Deluxe",457.0
"The Oberoi -  New Delhi","""Dr. Zakir Hussain Marg, New Delhi - 110003,DELHI""","DELHI","011-24363030","011-24360484","reservations@oberoigroup.com","NA","5 Star Deluxe",283.0
"Aman, New Delhi","""Lodhi Road, New Delhi - 110003, DELHI""","DELHI",1143633333.0,1143633335.0,"amannewdelhi@amanresorts.com","NA","5 Star Deluxe",68.0
"The Hotel Leela Palace Kempinski","""Diplomatic Enclave, New Delhi - 110023,DELHI, National Highway No. 8, New Delhi-110037, DELHI""","DELHI","011-39331234, 1126779090","011-39331235","reservations.newdelhi@theleela.com","NA","5 Star Deluxe",260.0
"Riviera De Goa Resort","""Shimer VaddoXimer, Arpora - 403 518, GOA""","GOA","0832-6655666","0832-2277503","mail@rivieradegoaresorts.com","NA","5 Star Deluxe",104.0
"Vivanta by Taj - Panaji","""Off. D.B. Bandodkar RoadSt. Inez, Panaji - 403001, GOA""","GOA","0832-6633636","0832-6633600","vivanta.panaji@tajhotels.com","NA","5 Star Deluxe",172.0
"Vivanta by Taj - Holiday","""(Earlier known as The Taj Holiday Village)Dando, Candolim, Bardez - 403 515, GOA""","GOA","0832-6645858","0832-6645502","vivanta.holidayvillage@tajhotels.com","www.vivantabytaj.com","5 Star Deluxe",142.0
"Bell Tower Resorts Pvt.Ltd. ","""Bell Tower Resorts Pvt.Ltd. (Retreat by Zuri) Pedda, Uttor Doxi, Varca Salcatte-Goa-403721 , Salcete , GOA""","GOA",8322772996.0,8322772996.0,"NA","NA","5 Star Deluxe",106.0
"Hotel Ramada Caravela Beach Resort","""Varca Beach, Salcete - 403721, GOA""","GOA","0832-6695000","0832-6695699","caravela.gr@advanihotels.com/reservations.gr@advanihotels.com","www.caravelabeachresort.com","5 Star Deluxe",200.0
"Vivanta By Taj- Fort Aguada","""Sinquerim, Bardez - 403519, GOA ""","GOA","0832-6645858","0832-6645868","vivanta.fortaguada@tajhotels.com","www.vivantabytaj.com","5 Star Deluxe",145.0
"Th Lalit Golf & Spa Resort Goa","""(Bharat Hotels Ltd.)Raj Baga,Canacona, GOA""","GOA",8322667777.0,8322667711.0,"goaresv@thelalit.com","NA","5 Star Deluxe",225.0
"Resort Rio","""Resort Rio, Tambudki,Arpora, Bardez, GOA""","GOA",8322267300.0,8322267301.0,"gm@resortrio.com","NA","5 Star Deluxe",82.0
"Hotel Cidade de Goa","""(Unit of Fomento Resorts & Hotels Ltd.), Vainguinim Beach - 403004, GOA""","GOA",8322454545.0,"08322454541/42","cidadedegoa@cidadedegoa.com","www.cidadedegoa.com","5 Star Deluxe",205.0
"Majorda Beach Resort","""MajordaSalcette, Goa - 403713, GOA""","GOA","0832-288111/6681111","0832-2881121/2881124","acc@majordabeachresortgoa.com","www.majordabeachresort.com","5 Star Deluxe",120.0
"The Leela Kempinski, Goa","""MoborCavelossim, Salcette - 403731, GOA""","GOA",8326621234.0,8322871352.0,"reservations.goa@theleela.com","www.theleela.com","5 Star Deluxe",186.0
"Hotel Trident - Gurgaon","""Plot No. 443, Udyog ViharPhase - V, Gurgaon - 122016, HARYANA""","HARYANA","0124-2450505","0124-2450606","reservations@tridenthotels.com","NA","5 Star Deluxe",136.0
"The Leela Kempinski -  Gurgaon","""(Ambience Hotels & Resorts Ltd.) Village Nathupur, N.H.-8 Gurgaon, Gurgaon, HARYANA""","HARYANA",1244771234.0,1244771235.0,"reservations.gurgaon-delhi@theleela.com","NA","5 Star Deluxe",412.0
"The Bristol Hotel","""Adjacent to DLFQutab Enclave Phase - 1, Gurgaon - 122002, HARYANA""","HARYANA","0124-2356030","0124-2357834","contact@thebristolhotel.com","www.thebristolhotel.com","5 Star Deluxe",84.0
"Wildflower Hall","""(Mashobara Resort Limited, A Unit of EIH Limited)Chharabra, Shimla - 171 012, HIMACHAL PRADESH""","HIMACHAL PRADESH","0177-2648585","0177-2648686","reservations@oberoigroup.com","www.oberoihotels.com","5 Star Deluxe",85.0
"Vivanta by Taj -  Whitefield","""ITBP Whitefield, Bangalore - 560066, KARNATAKA""","KARNATAKA","080-66933333","080-66933344","vivanta.whitefield@tajhotels.com","NA","5 Star Deluxe",199.0
"Hotel Golden Palms Hotel & Spa","""NO-31 & 32 GOLDEN PALMS AVENUE OFF TUMKUR ROAD BANGALORE,  KARNATAKA""","KARNATAKA",8023712222.0,8023710022.0,"info@goldenpalmshotel.com","NA","5 Star Deluxe",170.0
"ITC Hotel Windsor & Towers ","""WINDSOR SQUARE, 25 GOLF COURES ROAD, Bangalore , KARNATAKA""","KARNATAKA",802269898.0,802264941.0,"www.welcomgroup.com","NA","5 Star Deluxe",240.0
"The Taj West End","""Race Course Road Bangalore, KARNATAKA""","KARNATAKA",8066605660.0,8066605700.0,"westend.bengalore@tajhotels.com","NA","5 Star Deluxe",117.0
"Sheraton Banglore at Brigade Gateway","""26/1, Rajajinagar ExtensionDr. Rajkumar Road, Malleswaram West, Bangalore, KARNATAKA""","KARNATAKA",9.180413792e+11,9.18022210748e+11,"diwaker.tyagi@shraton.com","www.brigadegroup.com","5 Star Deluxe",230.0
"The Oberoi Bangalore","""39 Mahatma Gandhi RoadBanglore-560001, Bangalore, KARNATAKA""","KARNATAKA",9.18025585858e+11,9.1802558596e+11,"reservations@oberoiblr.com","NA","5 Star Deluxe",160.0
"Vivanta by Taj -  Bangalore","""41/3M.G. Road, Bangalore - 560001, KARNATAKA""","KARNATAKA","0806660 4444","0806661 4444","vivanta.mgroad@tajhotels.com","www.vivantabytaj.com","5 Star Deluxe",167.0
"Park Plaza","""NO. 5 Defence Colony,1st main, Indirangar, KARNATAKA""","KARNATAKA",42197330.0,8042452346.0,"sonusarmag@gmail.com","NA","5 Star Deluxe",218.0
"Dream Hotel Cochin","""37/985, C&D, Sahodaran Ayyappan Road Elamkulam Jnction, Kadavanthara cochin-682020, Cochin, KERALA""","KERALA",4844129999.0,4844129898.0,"reservations@dreamcochin.com","NA","5 Star Deluxe",150.0
"Vivanta by Taj - Bekal ","""A Unit of Khanna Hotels PVt. LTd. BRDC Site No. 5, Kappil Beach P.O. Udma West Kasaragod - 671319, Kasaragod , KERALA""","KERALA",4672265656.0,4672265655.0,"tkhanna99@gmail.com","NA","5 Star Deluxe",73.0
"The Lalit Resorts & Spa Bekal","""Bevoori, Udma, Taluka: Hosedurgh Distt: Kasargod Kerala, Kasaragod , KERALA""","KERALA",4672237777.0,4672237575.0,"resvbekal@thelalit.com","NA","5 Star Deluxe",39.0
"Vivanta By Taj - Kovalam","""(Formerly known as Taj Green Cove Kovalam)G V Raja Vattappara Road, Kovalam, Thiruvananthapuram - 695 527, KERALA""","KERALA","0471-6613000","0471-2487744","Vivanta.kovalam@tajhotels.com","www.vivantabytaj.com","5 Star Deluxe",59.0
"Vivanta by - Taj Malabar ","""Willingdon Island , Cochin , KERALA""","KERALA",4846643000.0,4846643182.0,"malabar.cochin@tajhotels.com","NA","5 Star Deluxe",96.0
"The Raviz Kollam","""Kollam Royal Park Hotel And Resorts P LtdMathilil, Kollam, KERALA""","KERALA",4742751111.0,4742741111.0,"info@theraviz.com","www.theraviz.com","5 Star Deluxe",93.0
"Kovalam Resort Private Limited","""The Leela Kovalam,Kerala, Thiruvananthapuram, KERALA""","KERALA",4713051234.0,4712481043.0,"reservations.kovalam@theleela.com","NA","5 Star Deluxe",127.0
"The Grand Temple View ","""Opp. Circuit House , Khajuraho , MADHYA PRADESH""","MADHYA PRADESH",786272333.0,786272123.0,"khajraho@thegrandhotels.net","NA","5 Star Deluxe",47.0
"Hotel Chandela","""Airport RoadDist. Chhatarpur, Khajuraho - 471606, MADHYA PRADESH""","MADHYA PRADESH","07686-272355, 272364","07686-272365, 272366","chandela.khajuraho@tajhotels.com","NA","5 Star Deluxe",90.0
"Chalet Hotel","""Plot no.39/1 6 to 15 Sector 30 AVashi Navi Mumbai, Mumbai, MAHARASHTRA""","MAHARASHTRA",2227817777.0,2227817979.0,"reservations@fourpointsvashi.com","NA","5 Star Deluxe",118.0
"Four Seasons Hotel","""(Unit of Mogus Estates & Hotels Ltd.) Plot NO.114,Dr.E.Moses Road Worli, Mumbai, MAHARASHTRA""","MAHARASHTRA",2266627770.0,2266627437.0,"reservations.mumbai@fourseasons.com","NA","5 Star Deluxe",202.0
"HOTEL SAHARA STAR ","""DOMESTIC AIRPORT, VILE PARLE (E), MUMBAI , MAHARASHTRA""","MAHARASHTRA",2239895000.0,2239895001.0,"www.saharastar.com","NA","5 Star Deluxe",210.0
"Hyatt Regency Mumbai","""Sahar Airport RoadAndheri (East), Mumbai - 400 099, MAHARASHTRA""","MAHARASHTRA","022-66961234","022-66961235","mumbai.regency@hyatt.com","www.mumbai.regency.hyatt.com","5 Star Deluxe",401.0
"Le Royal Meridien ","""SAHAR AIRPORT ROAD ANDHERI (E) , Mumbai , MAHARASHTRA""","MAHARASHTRA",2228380000.0,2228204399.0,"lmmumbai@vsnl.com","NA","5 Star Deluxe",171.0
"Sun-n-Sand Hotels Pvt. Ltd.","""39Juhu Beach, Mumbai - 400 049, MAHARASHTRA""","MAHARASHTRA","022-26201811-6693888","022-26202170","reservations@sunnsandhotel.com","www.sunnsandhotel.com","5 Star Deluxe",120.0
"The Taj Mahal Palace & Tower ","""Apollo Bunder , Mumbai , MAHARASHTRA""","MAHARASHTRA",2266653366.0,2266650300.0,"tmhbc.bom@tajhotels.com","www.tajhotels.com","5 Star Deluxe",565.0
"Hotel Le Meridien","""R.B.M. Road, Pune - 411001, MAHARASHTRA""","MAHARASHTRA",2026050505.0,2026050506.0,"lmpune@lemeridien-pune.com","www.lemeridien-pune.com","5 Star Deluxe",117.0
"Hotel ITC Grand Central","""287, Babasaheb Ambedkar RoadParel,Mumbai-400012, MAHARASHTRA""","MAHARASHTRA",2224101010.0,2224101111.0,"itcgrandcentral@itchotels.in","NA","5 Star Deluxe",242.0
"The Leela Kempinski","""Sahar, Mumbai - 400 059, MAHARASHTRA""","MAHARASHTRA","022-66911234","022-66911212","reservations.mumbai@theleela.com","www.theleela.com","5 Star Deluxe",393.0
"The Oberoi, Mumbai","""Nariman Point, Mumbai - 400021, MAHARASHTRA""","MAHARASHTRA","022-66325757-6632434","022-66324142","reservations@oberoigroup.com","www.oberoihotels.com","5 Star Deluxe",287.0
"The Westin Mumbai Garden City ","""Oberoi Garden City, International Business Park, Off Western Express Highway, Goregaon (East) , Mumbai , MAHARASHTRA""","MAHARASHTRA",2261470000.0,2261470101.0,"mumbaigardencity@westin.com","NA","5 Star Deluxe",269.0
"Fariyas Resort, Lonavla","""Frichley HillsTungarli, Lonavla - 410401, MAHARASHTRA""","MAHARASHTRA","02114-273852-55","02114-272080","fhrl@fariyas.com","www.fariyas.com","5 Star Deluxe",105.0
"Trident, Nariman Point","""Nariman Point, Mumbai - 400 021, MAHARASHTRA""","MAHARASHTRA","022-66324343","022-66325000","reservations@tridenthotels.com","www.tridenthotels.com","5 Star Deluxe",550.0
"Taj Lands End","""B.J. RoadBand Stand, Bandra (West), Mumbai - 400050, MAHARASHTRA""","MAHARASHTRA","022-66681234","022-66680957 - 66994","landsend.mumbai@tajhotels.com","www.tajhotels.com","5 Star Deluxe",493.0
"Trident -  Bhubaneswar ","""CB - 1 Nayapalli, Bhubaneshwar , ORISSA""","ORISSA",6742301010.0,6742301302.0,"reservations@tridenthotels.com","NA","5 Star Deluxe",62.0
"Hotel Mayfair Lagoon","""8-BJaydev Vihar, Bhubaneswar, ORISSA""","ORISSA","91 674 6660101","91 674 2360236","lagoon@mayfairhotels.com","www.mayfairhotels.com","5 Star Deluxe",102.0
"ISTA Amritsar","""G.T. Road(Adjoining Alpha One City Centre), Amritsar - 143 001, PUNJAB""","PUNJAB","0183-2708888","0183-2700186, 270999","sales@istaamritsar.com/reservations.amritsar@istahotels.com","www.istahotels.com","5 Star Deluxe",248.0
"Sheraton Rajputana Hotel","""Palace Road, Jaipur-302006, RAJASTHAN""","RAJASTHAN",1415100100.0,1415102102.0,"reservations.itcrajputana@itchotels.in","sheratonrajputana@itcwelcomgroup.in","5 Star Deluxe",218.0
"The Oberoi Rajvilas","""Goner Road, Jaipur - 303012, RAJASTHAN""","RAJASTHAN",1412680101.0,1412680202.0,"reservations@oberoigroup.com","www.oberoihotels.com","5 Star Deluxe",71.0
"The Oberoi Udaivilas ","""Haridas Ji Ki Magri , Udaipur , RAJASTHAN""","RAJASTHAN",2942433300.0,2942433200.0,"reservations@oberoigroup.com","NA","5 Star Deluxe",87.0
"Country Inn & Suites By Carlson","""Country Inn & Suites By Carlson (A unit of Shivani Enclaves Pvt.,Khasa Kothi Circle M.I.Road, Jaipur, RAJASTHAN""","RAJASTHAN",2222686.0,2222193.0,"mail@goyalfashions.net","NA","5 Star Deluxe",100.0
"The Leela Palace Kempinski","""P.O. Box No. 125Lake Pichola, Udaipur - 313 001, RAJASTHAN""","RAJASTHAN","0294-6701234","0294-6701212","businesscentre@theleela.com","www.theleela.com","5 Star Deluxe",80.0
"JAI MAHAL PALACE HOTEL","""JACOB ROAD,CIVIL LINES, Jaipur, RAJASTHAN""","RAJASTHAN",1416601111.0,1416601057.0,"jaimahal.jaipur@tajhotels.com","tajhotels.com","5 Star Deluxe",100.0
"Mayfair Spa & Resort","""(Unit of Mayfair Hotels & Resorts (Sikkim) Pvt. Ltd.)Lower Samdur Block, Ranipool - 737135, Gangtok, SIKKIM""","SIKKIM","0359-2250555/666","0359-2251009","gangtok@mayfairhotels.com","NA","5 Star Deluxe",63.0
"Taj Mount Road","""No. 2Club House Road, Chennai - 600 002, TAMIL NADU""","TAMIL NADU","044-66313131","044-66313030","clubhouse.chennai@tajhotels.com/mountroad.chennai@tajhotels.com","NA","5 Star Deluxe",220.0
"THE PARK ","""UNIT :APEEJAY -SURRENDRA PARK HOTELS LTD 601, ANNA SALAI , Chennai, TAMIL NADU ""","TAMIL NADU",4452144000.0,4452144100.0,"tpch@theparkhotels.com","NA","5 Star Deluxe",214.0
"Vivanta by Taj - Fishermans Cove","""Covelong Beach, Kanchipuram Dist. - 603112, TAMIL NADU""","TAMIL NADU","044-67413333","044-67413330","vivanta.fishcove@tajhotels.com","www.vivantabytaj.com","5 Star Deluxe",88.0
"Taj Coromandel","""37Mahatma Gandhi Salai, Nungambakkam, Chennai - 600 034, TAMIL NADU""","TAMIL NADU","044-66002827","044-66002089","coromandel.chennai@tajhotels.com","www.tajhotels.com","5 Star Deluxe",205.0
"Le Royal Meridien Chennai","""(Owned by Appu Hotels Limited)No. 1, G.S.T. Road, St. Thomas Mount, Chennai - 600 016, TAMIL NADU""","TAMIL NADU","044-22314343, 435345","044-22314344","reservation@leroyalmeridien-chennai.com","NA","5 Star Deluxe",240.0
"ITC The Mughal","""Fatehabad RoadTajganj, Agra - 282 001, UTTAR PRADESH""","UTTAR PRADESH","0562-4021700","0562-2331730","reservations.itcmughal@itchotels.in","www.itchotels.in","5 Star Deluxe",233.0
"Jaypee Greens Golf & Spa Resort","""A division of Jaiprakash Associates Ltd. G-Block, Surajpur Kasna Road Gautam Budh Nagar, Greater Noida, UTTAR PRADESH""","UTTAR PRADESH",1206743000.0,1202324720.0,"reservation.jggr@jaypeehotels.com","NA","5 Star Deluxe",170.0
"Vivanta by Taj ","""Vipin Khand Gomti Nagar , Lucknow , UTTAR PRADESH""","UTTAR PRADESH",522671100.0,522671166.0,"residency.lucknow@tajhotels.com","NA","5 Star Deluxe",110.0
"Taj Ganges Varanasi","""Nadesar Palace GraoundsNadesar, Varanasi - 221002, UTTAR PRADESH""","UTTAR PRADESH","0542-2503001/019","0542-2501343","ganges.varanasi@tajhotels.com","www.tajhotels.com","5 Star Deluxe",130.0
"Radisson Hotel","""Taj East Gate Road, Agra - 282 001, UTTAR PRADESH""","UTTAR PRADESH","0562-4055555","0562-4055556","reservations@rdagra.in","www.radisson.com","5 Star Deluxe",140.0
"Radisson MBD Hotel","""Plot No. L-2Sector - 18, Noida - 201 301, UTTAR PRADESH""","UTTAR PRADESH","0120-4300000","0120-4303000","reservations@radissonmbd.com","www.radissonblu.com","5 Star Deluxe",126.0
"Holiday Regency","""Holiday Regency (A Unit of Omsons Holiday Inn Pvt. ltd)Om Enclave, (KM, Delhi Road , NH-24, Moradabad, UTTAR PRADESH""","UTTAR PRADESH",591301235.0,5913012375.0,"info@holidayregency.com","holidayregency.com","5 Star Deluxe",74.0
"Jaypee Residency Manor","""Barlowganj, Mussoorie, UTTARAKHAND""","UTTARAKHAND",1352631800.0,1352631022.0,"jrm@jaypeehotels.com","NA","5 Star Deluxe",90.0
"ITC Sonar","""1, JBS Haldane AvenueOpp. Science City, Kolkata-700046, WEST BENGAL""","WEST BENGAL","033-23004516","033-23004500","reservations.itcsonar@itchotels.in","NA","5 Star Deluxe",239.0
"Hotel Ista Hyderabad","""Plot No-7, Road No. 2I.T. Park, Nanakramguda, Gachibowali, Hyderabad - 500019, ANDHRA PRADESH""","ANDHRA PRADESH","040-44508888","040-44509999","sales@istahyderabad.com","www.anandaspa.com","5 Star",157.0
"Hotel Novotel Hyderabad","""Novoel & HIVV Complex, Near Hitech City , P.O Bag No-1101, Cyberabad Post Office, Hyderabad, ANDHRA PRADESH""","ANDHRA PRADESH",4066824422.0,4066844422.0,"H6182-re@accor.com","NA","5 Star",288.0
"Novotel Hyderabad Airport ","""GMR Hyderabad International Airport Ltd., Rajiv Gandhi International Airport Shamshabad, Ranga Reddy Dist , ANDHRA PRADESH""","ANDHRA PRADESH",4066250000.0,4066250001.0,"reservations@novotelhyderabadairport.com","NA","5 Star",305.0
"The Gateway Hotel ","""Beach Road, Visakhapatnam , ANDHRA PRADESH""","ANDHRA PRADESH",8916623670.0,8912569867.0,"gateway.visakhapatnam@tajhotels.com","NA","5 Star",95.0
"Taj Deccan - Hyderabad","""Road No.1Banjara Hills, Hyderabad - 34, ANDHRA PRADESH""","ANDHRA PRADESH",4066662323.0,4066661313.0,"tdhgm.hyd@tajhotels.com","NA","5 Star",151.0
"Leo Meridian Infrastructure","""Bommaraspet (Village)Shamirpet Mandal, Ranga Reddy District, ANDHRA PRADESH""","ANDHRA PRADESH",4066404455.0,4066627744.0,"info@lmiphl.com","www.lmiphl.com","5 Star",88.0
"Hotel Mountview","""Sector 10, Chandigarh, CHANDIGARH""","CHANDIGARH",1724671111.0,1722742220.0,"mountview@citcochandigarh.com","NA","5 Star",155.0
"Hotel Crowne Plaza Today","""Plot No. 1Community Centre, Phase 1, Okhla, New Delhi - 110 020, DELHI""","DELHI","011-40687700-17","011-41634480","reservations@cpokhla.com","www.crowneplaza.com","5 Star",208.0
"Vivanta by Taj Ambassador","""Sujan Singh ParkCornwallis Road, New Delhi - 110003, DELHI""","DELHI","011-66261000","011-24632252","vivanta.ambassador@tajhotels.com","www.vivantabytaj.com","5 Star",88.0
"Fortune Select Regina ","""376, Off. Fort Aquada Road , Candolim , GOA""","GOA",8323988444.0,"","velu@acronindia.com","","5 Star",102.0
"Bogmallo Beach Resort","""P.O. Bogmallo, Goa - 403806, GOA""","GOA","0832-2538222-13","0832-2538236","bbrtwhl@sancharnet.in","www.bogmallobeachresort.com","5 Star",126.0
"DEVAAYA AYURVEDA SPA RESORT ","""DIWAR, ILHAS ,GOA , GOA""","GOA",83222280500.0,8322280678.0,"www.alconvictorgroup.com","NA","5 Star",57.0
"Holiday Inn Resort","""Mobor Beach Cavelossim Salcete,Goa, GOA""","GOA",8322871303.0,8322871333.0,"NA","NA","5 Star",203.0
"The Crown Goa","""(A unit of Vision Enterprises) Bairo Alto Dos Pilotos, Goa, GOA""","GOA",8322400000.0,8322400010.0,"reservations@thecrowngoa.com","NA","5 Star",43.0
"Hotel Neo Majestic","""Plot No. 104/1APorvorim, North Goa, GOA""","GOA","0832 2410378","0832 2415715","neomajestic@neomajestic.com","www.neomajestic.com","5 Star",50.0
"The Kenilworth Beach Resort & Spa","""Utorda, Salcete - 403 713, GOA""","GOA","0832-6698888","0832-2754183","kenilworthgoa@kenilworthhotels.com","www.kenilworthhotels.com","5 Star",104.0
"Hotel La Calypso Get Aways.","""Saunta Vaddo, Baga Calangute Road, Calanguta VPBardez Goa, GOA""","GOA",8322275777.0,8322275815.0,"reservations@lacalypsohotels.com","www.lacalypsohotels.com","5 Star",14.0
"The ""O""","""S. No. 114/1Next to Kingfisher Villa, Condolim, Bardez - 403515, GOA""","GOA",8323047000.0,8323047009.0,"info@ohotelsindia.com/res.goa@ohotelsindia.com","NA","5 Star",75.0
"Sun-n-Sand Hotel","""Bairo Alto Dos PilotosJose Falcao Road, Panjim, GOA""","GOA",8322400000.0,8322400010.0,"resgoa@sunnsandhotel.com","NA","5 Star",43.0
"The Imperial Palace ","""Dr Yagnik Road , Rajkot , GUJARAT""","GUJARAT",2812480000.0,2812480009.0,"mail@hotelimperialpalace.biz","NA","5 Star",80.0
"Le Meridien","""C/o. Associated Hotels Pvt. Ltd. Chand Suraj Estate Near Nehru Bridge, Khanpur, Ahmedabad, GUJARAT""","GUJARAT",7925505505.0,7925505501.0,"gmoffice.ahmedabad@lemeridien.com","NA","5 Star",63.0
"The Gateway Hotel Ummed","""International Airport CircleNext to Army Cantonment, Hansol, Ahmedabad - 382 475, GUJARAT""","GUJARAT","079-66661234","079-66664444","gateway.ahmedabad@tajhotels.com","www.thegatewayhotels.com","5 Star",91.0
"The Galaxy Hotel","""NH-8Sector-15, Part-II, Gurgaon - 122001, HARYANA""","HARYANA","0124-4565000","0124-4565151","info@galaxyhotel.in","www.galaxyhotel.in","5 Star",80.0
"THE CHANCERY PAVILION","""ELIXIR ENTERPRISES & HOTELS PVT LTD., NO-135, RESIDENCY ROAD, BANGALORE, KARNATAKA""","KARNATAKA",8041414141.0,8041414242.0,"gm@chanceryhotels.com","NA","5 Star",170.0
"The Zuri - Whitefield","""Rajpalya Hoodi - RoadWhitefield, Bengaluru - 560048, KARNATAKA""","KARNATAKA",8066657272.0,8066657282.0,"reservations@zuribangalore.com","www.thezurihotels.com","5 Star",162.0
"Fortune Park J. P. Palace","""No.-3 Abba RoadNazarabad Mohalla, Mysore, KARNATAKA""","KARNATAKA",8213988444.0,8213984444.0,"rahul.nama@fortunehotels.in","NA","5 Star",108.0
"Hotel Le Meridien - Bangalore","""No. 28, Sankey RoadP.B. No. 174, Bangalore - 560052, KARNATAKA""","KARNATAKA","080-22262233/2228282","080-22267676/2226205","reservations.bangalore@lemeridien.com/leme.bangalore@lemeridien.com","www.lemeridien-bangalore.com","5 Star",195.0
"Movenpick Hotel & Spa Bangalore","""115 Pipeline Road near BEL CircleGokula Extension, Bangalore, KARNATAKA""","KARNATAKA",8043001000.0,8043001010.0,"hotel.bangalore@moevenpick.com","moevenpick-hotel.com","5 Star",262.0
"Club Mahindra Lakeview","""Munner, Chinnakanal VillageVia: Suryanelli, Idukki District - 685618, KERALA"""," KERALA","04868-249290-91","04868-249227","gm.munnar@clubmahindra.com","www.clubmahindra.com","5 Star",38.0
"The Quilon Beach Hotel","""Beach Kollam-691001, Kollam, KERALA"""," KERALA",4742769999.0,4742749009.0,"crs@qresorts.in","NA","5 Star",95.0
"The Elephant Court","""Off Kumily - Thekkady RoadThekkady P.O., Kumily - 685 536, Idukki District, KERALA"""," KERALA","04869-224696,224697,","04869-224238","info@theelephantcourt.com","www.theelephantcourt.com","5 Star",64.0
"Turtle On The Beach","""VPI/43ITDC Road, Kovalam, Trivandrum - 685 527, KERALA"""," KERALA","0471-2514000","0471-2514001","info.turtle@thrhotels.com","www.turtleonthebeach.com","5 Star",44.0
"Casino Hotel","""Willingdon Island, Cochin - 682 003, KERALA"""," KERALA","0484-2668421-2666821","0484-2668001","casinohotel@cghearth.com","www.cghearth.com","5 Star",67.0
"Trident, Cochin","""Bristow RoadWillingdon Island, Cochin - 682003, KERALA"""," KERALA",4843081000.0,4843081002.0,"reservations@tridenthotels.com","www.tridenthotels.com","5 Star",85.0
"The Gateway Hotel -Ernakulam","""Marine DriveErnakulam, Kochi - 682 011, KERALA"""," KERALA","0484-2371471, 667330","0484-2371481, 667344","gateway.ernakulam@tajhotels.com","www.thegatewayhotels.com","5 Star",108.0
"Kadavu Resort & Ayurveda Centre","""NH-17, Calicut Bye Pass Road, Azhijilam P.O., near Feroke CollegeCalicut - 673632, (A Division of Yenkay complex Pvt. Ltd.), KERALA"""," KERALA","0483-2830023,027,570","0483-2830575","info@kadavuresorts.com","www.kadavuresorts.com","5 Star",72.0
"The Muthoot Plaza Hotel","""Punnen Road, Thiruvananthapuram - 695039, KERALA"""," KERALA","0471-2337733","0471-2337734","gmtmp@sarovarhotels.com","www.sarovarhotels.com","5 Star",57.0
"Taj Residency - Trivandrum","""T.C. No. 24/1987 (2)C.V. Raman Pillai Road, Thyeaud, Thiruvananthapuram - 695014, KERALA"""," KERALA","0471-6612345","0471-6612121","taj.trivandrum@tajhotels.com","www.tajhotels.com","5 Star",137.0
"Hotel Ramada -  Khajuraho","""(Owned By Jagdish Shanti Hotel Pvt. Ltd.)Airport Road, Khajuraho - 471606, MADHYA PRADESH""","MADHYA PRADESH","07686-272302-03","07686-272304","reservations@ramadahotelkhajuraho.com","www.ramadahotelkhajuraho.com","5 Star",82.0
"Radisson Jass Hotel","""By Pass RoadKhajuraho, Dist Chattarpur, MADHYA PRADESH""","MADHYA PRADESH","07686272344/274461",7686272345.0,"reservations@radissionkhajuraho.com","www.radisson.com","5 Star",90.0
"Grand Sarovar Premiere","""Junction of Veer Savarkar Flyover &S.V. Road, Goregaon (West)-400062, MAHARASHTRA""","MAHARASHTRA","0224215 8000/2871 80","0222871 8001","gm@grandsarovar.com/gsp@sarovarhotels.com","www.grandsarovar.com","5 Star",98.0
"Hotel Meluha","""Building 7, Sector-V, Central Avenue Hiranandani Gardens Powai, Mumbai, MAHARASHTRA""","MAHARASHTRA",2225755555.0,2225755566.0,"sam@meluhafernhotel.com","NA","5 Star",141.0
"Hotel Tunga Regency Pvt.Ltd. ","""PLOT NO-37, SECTOR 30-A, VASHI , NAVI MUMBAI , Mumbai , MAHARASHTRA""","MAHARASHTRA",2266801818.0,2266801800.0,"www.tungahotels.com","NA","5 Star",92.0
"Ramada Plaza Palm Grove","""Juhu Beach, Mumbai - 400049, MAHARASHTRA""","MAHARASHTRA","022-26112323","022-26113682/2611064","palmgrove@krahejahospitality.com","www.ramadainternational.com","5 Star",115.0
"The Shalimar Hotel ","""August Kranti Marg , Mumbai , MAHARASHTRA""","MAHARASHTRA",2266641000.0,2266641010.0,"theshalimarhotel@vsnl.com","www.theshalimarhotel.com","5 Star",65.0
"THE PRIDE HOTEL ","""OPP. AIRPORT WARDHA ROAD , Nagpur , MAHARASHTRA""","MAHARASHTRA",7122291102.0,7122290440.0,"PRIDE_NGP@SANCHARNET.COM","WWW.PRIDEGROUP.NET","5 Star",93.0
"Four Points By Sheraton","""S.No.197/3, Nagar Road,Viman Nagar, Pune, MAHARASHTRA""","MAHARASHTRA",2039406699.0,2030930930.0,"fo@punefourpoints.com","NA","5 Star",246.0
"Taj Blue Diamond","""11Koregaon Road, Pune - 411001, MAHARASHTRA""","MAHARASHTRA","020-66025555","020-66027755","sandip.mukherjee@tajhotels.com","www.tajhotels.com","5 Star",110.0
"The O Hotel","""Survey No.371Final Plot No.293, Koregaon, Pune - 411001, MAHARASHTRA""","MAHARASHTRA","020-40011000","020-40011009","info@ohotelsindia.com","www.ohotelsindia.com","5 Star",111.0
"Taj Residency - Aurangabad","""8-N-12CIDCO RAUZA BAGH, Aurangabad, MAHARASHTRA""","MAHARASHTRA",2406613737.0,2406613939.0,"residency.aurangabad@tajhotels.com","NA","5 Star",64.0
"Hotel Sea Princess ","""969 Juhu Beach , Mumbai , MAHARASHTRA""","MAHARASHTRA",2226611111.0,2226611144.0,"seaprincess@vsnl.com","NA","5 Star",108.0
"The Gateway Hotel","""P-17, MIDC Ambad MumbaiMumbai - Agra Road, Nashik, MAHARASHTRA""","MAHARASHTRA",2535604499.0,2535603366.0,"residency.nashik@tajhotels.com","tajhotels.com","5 Star",70.0
"Hotel Parc Estique","""Viman NagarNagar Road, Pune - 411014, MAHARASHTRA""","MAHARASHTRA",2041004100.0,2041004111.0,"cmd@parcestique.com/info@parcestique.com","www.estiquehotels.com","5 Star",116.0
"Radisson Windsor Hotel ","""Windsor Fountain G.T. Road, Near BMC Chowk , Jalandhar , PUNJAB""","PUNJAB",1814671234.0,815082233.0,"radjal@vsnl.com","NA","5 Star",62.0
"Majestic Park Plaza ","""P.O. BOX NO 333 BHAI BALA CHOWK, FEROZEPUR ROAD. , Ludhiana , PUNJAB""","PUNJAB",1612773000.0,1612771888.0,"www.fhraI.com","NA","5 Star",117.0
"Hotel Mansingh","""Sansar Chandra Road, Jaipur, RAJASTHAN""","RAJASTHAN","01412378771, 511, 77",1412377582.0,"sales.jpr@mansinghhotels.com","NA","5 Star",95.0
"Hotel Trident, Jaipur","""Amber Fort RoadOpp. Jal Mahal, Jaipur, RAJASTHAN""","RAJASTHAN","0141-2670101","0141-2670303","reservations@tridenthotels.com","www.tridenthotels.com","5 Star",134.0
"Fortune Select Metropolitan - Jaipur","""Fortune Select Metropolitan, Nehru Sahkar Bhawan,C-Scheme, Bias Godam Circle, Jaipur, RAJASTHAN""","RAJASTHAN",9.1141309901e+11,9.11413099099e+11,"metropolitan@fortunehotels.in","NA","5 Star",90.0
"Chokhi Dhani","""The Ethntic Village Resort12 Miles, Via Vatika, Tonk Road, Jaipur - 303905, RAJASTHAN""","RAJASTHAN","0141-2770555-56","0141-2770558","resort@chokhidhani.com","www.chokhidhani.com","5 Star",97.0
"Inder Residency","""(A Unit of Seasons Hotels Pvt. Ltd.)Goverdhan Vilas, Shikarbadi Road, Ekling Nagar, Udaipur - 313 001, RAJASTHAN""","RAJASTHAN","0294-2489888","0294-2488733","seasonshotel@gmail.com","www.inderresidency.in","5 Star",144.0
"Denzong Regency","""Cherry Banks,Development Area, Gangtok, SIKKIM""","SIKKIM",3592201565.0,35922012568.0,"welcomheritage_denzongregency@hotmail.com","denzongregency.com","5 Star",25.0
"The Gateway Hotel Pasumalai Madurai","""(formerly known as Taj Garden Retreat Madurai)40 T.P.K. Road, Pasumalai, Madurai - 625 004, TAMIL NADU""","TAMIL NADU","0452-6633000","0452-6633081","gateway.madurai@tajhotels.com","www.thegatewayhotels.com","5 Star",63.0
"Radisson Hotel GRT","""G S T Road St Thomas Mount Chennai, Chennai, TAMIL NADU""","TAMIL NADU",4422310101.0,4422310202.0,"reservations@radissongrt.com","NA","5 Star",101.0
"Trident - Chennai","""1/24, GST RoadMeenambakkam, TAMIL NADU""","TAMIL NADU","044-22344747","044-22346699","reservations@tridenthotels.com","www.tridenthotels.com","5 Star",167.0
"Hotel Clarks Shiraz","""54Taj Road, Agra - 282001, UTTAR PRADESH""","UTTAR PRADESH","0562-2226121-27","0562-2226128","info@hotelclarksshiraz.com/resv@hotelclarks.in","www.hotelclarksshiraz.com","5 Star",237.0
"Hotel Trident - Agra","""Fatehabad Road, Agra, UTTAR PRADESH""","UTTAR PRADESH",5622235000.0,5622231812.0,"reservations@tridenthotels.com","NA","5 Star",138.0
"Country Inn & Suites by Carlson.","""64/6, Site - IVSahibabad, (Distt. Ghaziabad) - 201 010, UTTAR PRADESH""","UTTAR PRADESH","0120-4180000","0120-4180088","info@cissahibabad.in","www.countryinns.com","5 Star",216.0
"Radisson Hotel Varanasi","""The Mall Cantonment, Varanasi Uttar Pradesh, Varanasi, UTTAR PRADESH""","UTTAR PRADESH",5422501515.0,5422501516.0,"reservations@radissonvns.com","NA","5 Star",116.0
"The Gateway Hotel, Agra","""Taj GanjFatehabad Road, Agra - 282001, UTTAR PRADESH""","UTTAR PRADESH",5626602000.0,5622232420.0,"tajview.agra@tajhotels.com/gateway.agra@tajhotels.com","www.tajhotels.com","5 Star",100.0
"Hotel Hindusthan International","""235/1A.J.C. Bose Road, Kolkata - 700020, WEST BENGAL""","WEST BENGAL","033-40018000-4001808","033-22800111","reservation@hindusthan.com","www.hhihotels.com","5 Star",184.0
"Swissotel Kolkata Neotia Vista","""M/s Swissotel Kolkata Neotia Vista City Center New Town Action Area 2/DPlot No. 11/5 New Town Rajarhat, Kolkata, WEST BENGAL""","WEST BENGAL",9.13366266666e+11,"","subrata.sarkar@swissotel.com","www.swissotel.com","5 Star",147.0
"The Golkonda","""(A Unit of Golkonda Hospitality Services & REsorts Ltd.) 10-1-124Masab Tank, Hyderabad, ANDHRA PRADESH""","ANDHRA PRADESH",8246660420.0,8246660585.0,"gateway.mangalore@tajhotels.com","NA","4 Star",94.0
"Palm Beach Hotel","""Beach Road, Visakhapatnam - 530 023, ANDHRA PRADESH""","ANDHRA PRADESH","0891-2754026/27","0891-2731036","info@palmbeachhotel.in","www.palmbeachhotel.in","4 Star",44.0
"QUALITY INN DV MANOR","""40-1-47, M.G.ROADVENKATESHWARA PURAM, Vijayawada, ANDHRA PRADESH""","ANDHRA PRADESH",866474455.0,866483170.0,"info@hoteldvmanor.com","NA","4 Star",115.0
"Best Western Amrutha Castle","""5-9-16, SaifabadOpp. Secretariat, Hyderabad - 500063, ANDHRA PRADESH""","ANDHRA PRADESH","040-66633888","040-66828222","info@bestwesternamruthacastle.com","www.bestwesternamruthacastle.com","4 Star",90.0
"Hotel Green Park","""(A Division of Diana Hotels Ltd.)7-1-26, Greenlands, Begumpet, Hyderabad - 500016, ANDHRA PRADESH""","ANDHRA PRADESH","040-66515151",4023757677.0,"hyd@hotelgreenpark.com","hotelgreenpark.com","4 Star",149.0
"Hotel Raj Mahal","""A.T. RoadPaltan Bazar, Guwahati - 781001, ASSAM""","ASSAM","0361-2549141","0361-2639282","info@hotelrajmahal.in/hotelrajmahal@vsnl.net","www.hotelrajmahal.in","4 Star",71.0
"Hotel Natraj","""H.S. Road, Dibrugarh - 786001, ASSAM""","ASSAM","0373-2327275","0373-2321375","hotelnatraj09@gmail.com","NA","4 Star",20.0
"Hotel The Royal Plaza","""(A Unit of Hotel Queen Road Pvt. Ltd.)19, Ashoka Road, New Delhi-110001, DELHI""","DELHI",1143555555.0,1143555556.0,"reservations@hoteltheroyalplaza.com/info@hoteltheroyalplaza.com","www.hoteltheroyalplaza.com","4 Star",419.0
"Hotel City Park","""3/4, K/P BLOCK PITAMPURA, New Delhi, DELHI""","DELHI",1125468230.0,1127310110.0,"hotelcitypark@vsnl.net","NA","4 Star",58.0
"Hotel Diplomat","""9, Sardar Patel MargDiplomatic Enclave, New Delhi, DELHI""","DELHI",1123010204.0,1123018605.0,"","NA","4 Star",25.0
"Maidens Hotel","""7Sham Nath Marg, New Delhi - 110054, DELHI""","DELHI","011-23975464","011-23980771","reservations@oberoigroup.com","www.maidenshotel.com","4 Star",55.0
"The Connaught","""37Shaheed Bhagat Singh Marg, New Delhi - 110001, DELHI""","DELHI","011-23364225","011-23340757","theconnaughtnewdelhi@yahoo.com","www.theconnaughtnewdelhi.com","4 Star",79.0
"Hotel Vikram","""Ring Road, Lajpat Nagar, New Delhi, DELHI""","DELHI",1146515151.0,1146515152.0,"info@hotelvikram.com","NA","4 Star",68.0
"Lazylagoon Sarovar Portico Suites","""(Unit of Aqua Resorts & Spa Pvt. Ltd.)Baga - Arpora, Bardez - 403518, GOA""","GOA","0832-2281520","0832-2281527","gmgpo@sarovarhotels.com","www.sarovarhotels.com","4 Star",39.0
"Sun Village Resort","""SaquawadiBaga-Arpora Bardez, GOA""","GOA",8322279409.0,8322279415.0,"sun-village@desouzahotels.com","NA","4 Star",135.0
"WHISPERING PALMS BEACH RESORT","""SINQUERIM BEACH, WADDICANDOLIM, BARDEZ-GOA, GOA""","GOA",4712485766.0,4712481578.0,"info@whisperingpalms.com","NA","4 Star",197.0
"The Metropole Hotel","""(Unit of Majestic Projects Pvt. Ltd.)Near R.T.O. Circle, Subhash Bridge Corner, Ahmedabad - 380027, ""","GUJARAT","079-30130200","079-30130208","info@themetropolehotel.co.in","www.themetropolehotel.co.in","4 Star",70.0
"Hotel Fortune Palace","""Near Digjam CircleAirport Road, Jamnagar - 361 008, GUJARAT""","GUJARAT","0288-2720291","0288-2720296","hotelfortunepalace@yahoo.com","www.hotelfortunepalace.in","4 Star",45.0
"Fortune Inn Haveli","""Plot No. 235,Sector - 11, Gandhinagar, GUJARAT""","GUJARAT",7939884422.0,7939842121.0,"haveli@fortunehotels.in","www.fortunehotels.in","4 Star",84.0
"Hotel The Grand Bhagwati","""Opp. GurudwaraBodakdev, S.G. Highway, Ahmedabad - 380 054, GUJARAT""","GUJARAT",7926841000.0,7926840915.0,"info@thegrandbhagwati.com","www.thegrandbhagwati.com","4 Star",37.0
"Optus Sarovar Premiere Hotel","""SCO 43-47Sector - 28, City Centre, Gurgaon - 122002, ""","HARYANA","0124-4887777","0124-4887788","spg@sarovarhotels.com","www.sarovarhotels.com","4 Star",80.0
"Park Premier","""359-357Sector - 29, Gurgaon - 122 001, HARYANA""","HARYANA","0124-4604600","0124-4604666","info@parkpremierhotels.com","www.parkpremierhotels.com","4 Star",94.0
"The Bella Vista","""SM 8, City Centre,Sector 5, Panchkula, HARYANA""","HARYANA",1725064848.0,1725023802.0,"sales@bellavista.in","NA","4 Star",49.0
"Fortune Select Global","""2nd Floor, Global ArcadeM.G. Road, Gurgaon, HARYANA""","HARYANA","0124-4196666","0124-4062388","global@fortunehotels.in","www.fortunehotelsin","4 Star",83.0
"Courtyard By Marriott","""Plot No. 27 BSector Road, Sushant Lok - 1, Sector - 27, Gurgaon - 122 002, HARYANA""","HARYANA","0124-4888444","0124-4888222","www.courtyardmarriottgurgaon.com","NA","4 Star",198.0
"Fortune Park J.P.Celestial","""No 5/43, Seshadri RoadNear Race Course Road, Bangalore-09, KARNATAKA""","KARNATAKA",8040441234.0,8041476060.0,"jpcelestial@fortunehotels.in","www.fortunehotels.in","4 Star",130.0
"The Gatwway Hotel - Chikmagalur","""KM RoadJyothi Nagar, Chikmagalur - 577102, KARNATAKA""","KARNATAKA","08262-660660-61","08262-660666","gateway.chikmagalur@tajhotels.com","www.thegatewayhotels.com","4 Star",29.0
"Raj Residency","""Near New bus standAlamipally, Kanhangad, KERALA""","KERALA",4672208444.0,4672217294.0,"rajgrouphotels@gmail.com","rajgrouphotels.com","4 Star",198.0
"Hotel Maurya Rajadhani","""Stat GL,Hospital Road Statue, Trivandrum, KERALA""","KERALA",4712472299.0,4712472299.0,"maurya@rajadhanihotels.com","NA","4 Star",39.0
"Keys Hotels","""Sy. No. 2863/1Opp. Fire & Rescue Services Housing Board junction, Trivandrum, KERALA""","KERALA",4713944100.0,4713983800.0,"reservations.thiruvananthapuram@keyshotels.com","keyshotels.com","4 Star",101.0
"Hotel Blue Nile","""S.N. Park Road, Kannur - 670 001, KERALA""","KERALA","0497-2760077, 276478","0497-2768844","mail@hotelbluenile.com","www.hotelbluenile.com","4 Star",39.0
"Hotel Amruthaa International","""No. CC 41/2884St. Benedict Road, Ernakulam, Kochi - 682 018, KERALA""","KERALA","0484-2398222-4192222","0484-4050551","amruthaainternational@gmail.com","NA","4 Star",26.0
"Fragrant Nature Retreat and Resort Pvt. Ltd.","""Building No. CPI/07-20A,Nedungolam P.O., Paravur, Kollam, KERALA""","KERALA",4742514000.0,4742518021.0,"enquiries@fragrantnature.com","www.fragrantnature.com","4 Star",18.0
"Hotel Presidency","""Paramara Road Ernakulam Town, Kochi, KERALA""","KERALA",4842394300.0,4842393222.0,"presid@vsnl.com","NA","4 Star",49.0
"Hotel Raj Regency","""Chelakkara road,Pazhayannur, Thrissur, KERALA""","KERALA",4884226877.0,4884666977.0,"rajregencypnr@gmail.com","NA","4 Star",10.0
"ATS Residency","""Yakkara Branch RoadNear D.P Office, Palakkad, KERALA""","KERALA",4912537477.0,4912523182.0,"info@atshotels.com","atsresidency.com","4 Star",20.0
"The Royale Gardens","""Nangiarkulangara P.O.Haripad - Alleppey District, Kerala - 690513, KERALA""","KERALA","0479-2404000","0479-2404999","info@theroyalegardens.com","www.theroyalegardens.com","4 Star",34.0
"Hotel Srivatsa Regency","""Pittupeedika, Main Road,Koduvayur, Palakkad, KERALA""","KERALA",4923251119.0,4923254119.0,"hotelsrivatsaregency@gmail.com","www.hotelsrivatsaregency.com","4 Star",12.0
"Hotel Hills Park","""Kumbazha Road,Pathanamthitta,District, Kerala, KERALA""","KERALA",4682226262.0,"NA","hotelhillspark@gmail.com","NA","4 Star",15.0
"Neelamabari Suite","""Villanchira,Thalakkodu P.O.Neriyamangalam, Ernakulam, KERALA""","KERALA",4852555123.0,4852555133.0,"infor@neelabarisuite.com","neelabarisuite.com","4 Star",22.0
"Excalibur Hotels & Resorts","""Carithas Junction,MC Road,Thellakon, Kottayam, KERALA""","KERALA",4812791781.0,4812711784.0,"hotel.excalibur@gmail.com","www.excalibur.in","4 Star",20.0
"Raj Residency","""Near New bus standAlamipally, Kanhangad, KERALA""","KERALA",4672208444.0,4672217294.0,"rajgrouphotels@gmail.com","rajgrouphotels.com","4 Star",198.0
"Muthoot Cardamom County Resort","""Kumily (PO)Thekkady, Idukki (Dist.) - 685536, KERALA""","KERALA","04869-224501","04869-222869/222807","reservations@muthoothotels.com","www.raxacollective.com","4 Star",44.0
"Hotel White Dammar International","""Pappanamcode, Trivandrum - 695 018, KERALA""","KERALA",4712496601.0,4712496602.0,"whitedammar@gmail.com","hotelwhitedammar@gmail.com","4 Star",12.0
"Hotel SP Grand Days","""Panavila JnThycaud P.O., Thiruvananthapuram - 695014, KERALA""","KERALA","0471-2333344","0471-2321000","mail@spgranddays.com","www.spgranddays.com","4 Star",69.0
"Hotel Peninsula Park Residency","""Motel and Resorts Pvt. Ltd.Parakode, Adoor, Pathanamthitta Dist., KERALA""","KERALA",4734243435.0,4734243345.0,"parkresidency.park@gmail.com","NA","4 Star",20.0
"Hotel Indraprastha","""Pattazhi P.O.Pathanapuram, Kollam Dist.-691522, KERALA""","KERALA","04752039600,2397888-",4752397889.0,"indraprasthapattazhi@yahoo.com","NA","4 Star",14.0
"Hotel Mangala Towers","""Paliyam RoadNear Bus Stand, Thrissur - 680001, KERALA""","KERALA","04872327461/2/3",4872325365.0,"mangalatowers@gmail.com","www.hotelmangalatowers.com","4 Star",24.0
"Hotel Soorya Regency","""Calicut By-Pass RoadKavungal, Malappuram - 676505, KERALA""","KERALA","0483-2735674-76","0483-2735677","sooryaregency@gmail.com","www.sooryaregency.com","4 Star",13.0
"Hotel Moonlit Regency","""4, Lane JunctionVengallor Muvatupuzha Road, Thodupuzha Idukki District-685584, KERALA""","KERALA","04862-229936/229937","04862-229938","info@moonlitregency.com/hotelmoonlit@ymail.com","NA","4 Star",22.0
"Hotel Sky Pearl","""Chovva, Kannur - 670006, KERALA""","KERALA","0479-5265060","0479-2786443","hotelskypearl@gmail.com","NA","4 Star",28.0
"The Royal Fort","""Hospital JunctionKundara P.O., Kollam Dist. - 691501, KERALA""","KERALA","0474-2520001-02-03","0474-2520004","info@theroyalfort.com","www.theroyalfort.com","4 Star",12.0
"Hotel Soorya Galaxy","""(A Unit of Sreebala Divelopers & Hotel Pvt. Ltd.)13/158 A, Calicut Road, Cheruvannur, P.O. Feroke, Calicut - 673731, KERALA""","KERALA","0495-2485150/2485240","0495-2455330","sooryagalaxy@gmail.com","NA","4 Star",12.0
"Cochin Seaport Hotel","""Thekken MalipuramVypin, Cochin - 682 508, KERALA""","KERALA",9846032737.0,"0484-2503757","seaporthotels@gmail.com","www.cochinseaporthotel.com","4 Star",25.0
"The Avenue Regent","""39/2026,M.G. Road, Kochi, KERALA""","KERALA",4842377977.0,484237529.0,"avenueregent@avenuehotels.in","NA","4 Star",55.0
"Spice Village","""Thekkady - Kumily Road, Thekkady - 685536, KERALA""","KERALA","04869-224514","04869-222317","spicevillage@cghearth.com","www.cghearth.com","4 Star",52.0
"Hotel Midhila Regency","""Midhila Regncy Cherplassery Hotels Pvt.Ltd.Pattambi road, Cherpulassery Palakkad Dist., kerala, KERALA""","KERALA","NA","NA","maltidutta50@yahoo.com","NA","4 Star",10.0
"Hotel Soorya Swagat","""Pudussery EastPalakkad, Walayar, KERALA""","KERALA",4912863100.0,4912863103.0,"www.sooryaswagath.in","NA","4 Star",14.0
"The Hotel Elegance","""Karuvanchal POThalimapram, Kannur, KERALA""","KERALA",4602247400.0,460247400.0,"maltidutta50@yahoo.com","NA","4 Star",13.0
"K R Grand Residency","""Parayil Market RoadKunnamkulam, Thrissur, KERALA""","KERALA",4885211563.0,"NA","maltidutta50@yahoo.com","NA","4 Star",14.0
"Hotel Dona Castle","""(Unit of Sunny Jacob Builders & Developers Pvt. Ltd.)Kottamukku, Kollam, KERALA""","KERALA",4742766669.0,4742760099.0,"donacastle@gmail.com","www.hoteldonacastle.com","4 Star",31.0
"Hotel Fairmont","""S.H. Mount,M.C. Road, Kottayam, KERALA""","KERALA",4812569256.0,4812569246.0,"info@hotelfairmont.in","www.hotelfairmont.in","4 Star",30.0
"Hotel Anandha Inn Pvt. Ltd.","""NO-154S.V PATEL ROAD, PONDICHERRY, KERALA""","KERALA",4132233000.0,4132331241.0,"checkin@anandhainn.com","www.anandhainn.com","4 Star",70.0
"Niya Regency","""Elthuruth Junction,Chettupuzha P.O., Thrissur, KERALA""","KERALA",4872363667.0,4872363667.0,"niyaregency@gmail.com","www.niyaregency.com","4 Star",20.0
"The South Park","""(Unit of Kerala Hotels Pvt. Ltd.)M.G. Road, Trivandrum - 695 034, KERALA""","KERALA","0471-2333333, 324233","0471-2331861","reservations@thesouthpark.com","www.thesouthpark.com","4 Star",82.0
"Uday Samudra Leisure Beach Hotel","""G.V.Raja Road,Samudra Beach Kovalam, Trivandrum, KERALA""","KERALA",1246563228.0,1246563174.0,"toshali@nde.vsnal.net.in","www.toshalinet.com","4 Star",50.0
"SEASONS SERVICE APARTMENTS","""S. NO-128/2/3/6/7/2/2/128/A1,SANEWADI AUNDH, PUNE, Malad, MAHARASHTRA""","MAHARASHTRA",2040009999.0,2040009888.0,"info@seasonsaundh.com","NA","4 Star",46.0
"HOTEL BAWA INTERNATIONAL","""NEHRU ROAD EXTN.NEAR DOMESTIC AIRPORT VILE PARLE (E), Mumbai, MAHARASHTRA""","MAHARASHTRA",2226113636.0,2226107096.0,"mail.bawaintl@vsnl.com","NA","4 Star",76.0
"Hotel Courtyard By Marriott","""International Airport,CTS No. 215, Andheri Kurla Road, Andheri (East), Mumbai, MAHARASHTRA""","MAHARASHTRA",2261479922.0,2261479944.0,"reservations.mumbai@courtyard.com","NA","4 Star",282.0
"Hotel Midtown Pritam","""DharamputraPritam Estate Dr.Ambedkar Road, Dadar T.T, Mumbai-400014, MAHARASHTRA""","MAHARASHTRA","022-24145555/6580663","022-24143388","reservations@pritamhotels.com","www.pritamhotels.com","4 Star",60.0
"Hotel Trident","""C-56, G-Block,Bandra Kurla Complex, Mumbai, MAHARASHTRA""","MAHARASHTRA",2266727777.0,2266727788.0,"reservations@tridenthotels.com","tridenthotels.com","4 Star",436.0
"Hotel Tunga Regale","""Plot No. 31, Phase IIMIDC, Central Road, Andheri (East), Mumbai - 400093, MAHARASHTRA""","MAHARASHTRA","022-66726672","022-66726666","regale@tungahotels.com","www.tungahotels.com","4 Star",54.0
"Ramee Guestline Hotel","""Plot No. 3Kohinoor Road, Dadar (East), Mumbai - 400014, MAHARASHTRA""","MAHARASHTRA","022-24177900/2411565","022-24127503","mumbai.dadar@rameeguestlinehotels.com","www.ramee-group.com","4 Star",58.0
"K. Raheja Corp. Pvt. Ltd. ""The Resort""","""11,Aksa Beach,Malad (West), Mumbai - 400 095, MAHARASHTRA""","MAHARASHTRA","022-28447777","022-28804444 - 28818","resv@theresortmumbai.com/the_resort@vsnl.com","NA","4 Star",94.0
"Hotel Sagar Plaza","""1Bund Garden Road, Pune - 411001, MAHARASHTRA""","MAHARASHTRA","020-26205000","020-26122633","reservations@hotelsagarplaza.com/info@hotelsagarplaza.com","www.hotelsagarplaza.com","4 Star",76.0
"The Central Park Hotel","""Bund Garden RoadNear Council Hall, Pune - 411 001, MAHARASHTRA""","MAHARASHTRA","022-66641000","022-66641010","reservations@thecentralparkhotel.com","www.thecentralparkhotel.com","4 Star",74.0
"Holiday Inn Mumbai International Airport","""721/1,721/A,721/B of Mohali VillageAndhri Kurla Road, Sakinaka junction, Mumbai, MAHARASHTRA""","MAHARASHTRA",2240851800.0,2240851828.0,"maltidutta50@yahoo.com","NA","4 Star",225.0
"The Emerald","""(Hotel & Executive Apartment)Mumbai Next to Juhu Tara Road, Opp. Hotel Sea Princess, B.R. Chopra's Bungalow, Santacruz (West), Mumbai-400049, MAHARASHTRA""","MAHARASHTRA","022-67144000","022-67144005","info@theemerald.com","www.theemerald.com","4 Star",56.0
"Hotel Polo Tower","""Oakland RoadPolo Grounds, Shillong - 793001, MEGHALAYA""","MEGHALAYA","0364-2222341-42","0364-2220090","hptfo@rediffmail.com","www.hotelpolotowers.com","4 Star",50.0
"M.K.HOTEL","""DISTRICT SHOPPING CENTRE,RANJIT AVENUE, Amritsar, PUNJAB""","PUNJAB",1832504610.0,1832507910.0,"MKHOTEL123@SANCHARNET.IN","www.mkhotel.com","4 Star",75.0
"THE MAYA HOTEL (Maya Inns Ltd.)","""JALANDHAR CITYEH-178,CIVIL LINES,NEAR BMC CROSSIN, JALANDHAR CITY-144001, PUNJAB""","PUNJAB","0181 4688700/22",1812452301.0,"mayajal@mayahotels.in","http://www.mayahotels.in","4 Star",53.0
"Hotel Ritz Plaza","""45The Mall, Amritsar - 143001, PUNJAB""","PUNJAB","0183-2562836-39","0183-2226657","ritzhotel@vsnl.com/info@ritzhotel.in","www.titzhotel.in","4 Star",41.0
"Country In & Suites, Ajmer","""Ansal's Sushant City, Village Gegalkishangarh-Ajmer Road, Ajmer, RAJASTHAN""","RAJASTHAN",1456623456.0,1456623466.0,"maltidutta50@yahoo.com","NA","4 Star",71.0
"The Royal Plaza","""Shyari - GangtokEast sikkim, Gangtok -737102, SIKKIM""","SIKKIM","03592-280232","03592-281112","trp@sarovarhotels.com","www.theroyalplazahotel.com","4 Star",58.0
"The Residency Towers","""Sir Thyagaraya RoadT. Nagar, Chennai - 600 017, TAMIL NADU""","TAMIL NADU","044-28156363","044-28156969","restowers@vsnl.net","www.theresidency.com","4 Star",174.0
"Hotel Sangam ","""Collectors Office Road , Tiruchirapalli , TAMIL NADU""","TAMIL NADU",4312414700.0,431241779.0,"hotelsangam@vsnl.com","www.hotelsangam.com","4 Star",76.0
"Quality Inn Sabari","""29,Thirumalai Pillai RoadT. Nagar, Chennai, TAMIL NADU""","TAMIL NADU",4428343030.0,4428345868.0,"sabariinn@sabarihotels.com","NA","4 Star",72.0
"The Savera Hotel","""No. 146, Dr. Radhakrishnan SalaiMylapore, Chennai - 600 004, TAMIL NADU""","TAMIL NADU","044 -28114700","044 -28113475","hotsave@md2.vsnl.net.in","www.saverahotel.com","4 Star",230.0
"Hotel Raj Park (P) Ltd.","""180, T.T.K. Road Alwarpet,Chennai - 600018, TAMIL NADU""","TAMIL NADU","044-42257777","044-24990749","reservation@rajparkchennai.com","www.rajpark.com","4 Star",89.0
"Fortune Inn Grazia","""(Unit of Angel Baby Products Pvt. Ltd) Plot NO.1 A, Block - 1Sector - 27 Noida, UTTAR PRADESH""","UTTAR PRADESH",1203988444.0,1203380144.0,"gm.roc.nm@royalorchidhotels.com","royalorchidhotels.com","4 Star",42.0
"Country Inn & Suites by Carlson - Haridwar","""( Unit of Sens Udyog Pvt. Ltd.)Haripurkalan, Raiwala, Motichur, Haridwar - Rishikesh Highway, Haridwar, Dist. Dehradun - 249205, UTTARAKHAND""","UTTARAKHAND","0135-2485900","0135-2485901","reservations@cisharidwar.com","NA","4 Star",56.0
"The Peerless Inn","""12J. L. Nehru Road, Kolkata - 700 013, WEST BENGAL""","WEST BENGAL","033-44003900","033-22281270","pik@sarovarhotels.com","www.peerlesshotels.com","4 Star",122.0
