officename,pincode,statename
Adilabad H.O,504001,ANDHRA PRADESH
Adoni H.O,518301,ANDHRA PRADESH
Allagadda MDG S.O,518543,ANDHRA PRADESH
Amadalavalasa H.O,532185,ANDHRA PRADESH
Amalapuram H.O,533201,ANDHRA PRADESH
Anakapalle H.O,531001,ANDHRA PRADESH
Anantapur H.O,515001,ANDHRA PRADESH
Armoor H.O,503224,ANDHRA PRADESH
Attili S.O,534134,ANDHRA PRADESH
Avanigadda H.O,521121,ANDHRA PRADESH
Bapatla H.O,522101,ANDHRA PRADESH
Bhadrachalam H.O,507111,ANDHRA PRADESH
Bhimavaram H.O,534201,ANDHRA PRADESH
Bhongir H.O,508116,ANDHRA PRADESH
Bobbili H.O,535558,ANDHRA PRADESH
Buckinghampet H.O,520002,ANDHRA PRADESH
Chandragiri H.O,517101,ANDHRA PRADESH
Chilakaluripet S.O,522616,ANDHRA PRADESH
Chirala H.O,523155,ANDHRA PRADESH
Chittoor H.O,517001,ANDHRA PRADESH
Chodavaram S.O,531036,ANDHRA PRADESH
Cuddapah H.O,516001,ANDHRA PRADESH
Dargamitta S.O,524003,ANDHRA PRADESH
Dharmavaram H.O,515671,ANDHRA PRADESH
Eluru H.O,534001,ANDHRA PRADESH
Gadwal H.O,509125,ANDHRA PRADESH
Gudivada H.O,521301,ANDHRA PRADESH
Gudur H.O,524101,ANDHRA PRADESH
Guntakal H.O,515801,ANDHRA PRADESH
Guntur H.O,522002,ANDHRA PRADESH
Hanamkonda H.O,506001,ANDHRA PRADESH
Hindupur H.O,515201,ANDHRA PRADESH
Huzurabad H.O,505468,ANDHRA PRADESH
Hyderabad Jubilee H.O,500002,ANDHRA PRADESH
Jagtial H.O,505327,ANDHRA PRADESH
Jangaon H.O,506167,ANDHRA PRADESH
Jangareddygudem H.O,534447,ANDHRA PRADESH
Kakinada H.O,533001,ANDHRA PRADESH
Kamareddy H.O,503111,ANDHRA PRADESH
Kandukur H.O,523105,ANDHRA PRADESH
Kanigiri H.O,523230,ANDHRA PRADESH
Karimnagar H.O,505001,ANDHRA PRADESH
Kavali H.O,524201,ANDHRA PRADESH
Khairatabad H.O,500004,ANDHRA PRADESH
Khammam H.O,507001,ANDHRA PRADESH
Kothagudem Colls H.O,507101,ANDHRA PRADESH
Kothapeta S.O (East Godavari),533223,ANDHRA PRADESH
Kovvur H.O,534350,ANDHRA PRADESH
Machilipatnam H.O,521001,ANDHRA PRADESH
Madanapalle H.O,517325,ANDHRA PRADESH
Mahabubabad H.O,506101,ANDHRA PRADESH
Mahabubnagar H.O,509001,ANDHRA PRADESH
Mancherial H.O,504208,ANDHRA PRADESH
Mandapeta S.O,533308,ANDHRA PRADESH
Mangalagiri H.O,522503,ANDHRA PRADESH
Markapur H.O,523316,ANDHRA PRADESH
Medak H.O,502110,ANDHRA PRADESH
Miryalguda H.O,508207,ANDHRA PRADESH
Nalgonda H.O,508001,ANDHRA PRADESH
Nandyal H.O,518501,ANDHRA PRADESH
Narasaraopet H.O,522601,ANDHRA PRADESH
Narsipatnam H.O,531116,ANDHRA PRADESH
Nellore H.O,524001,ANDHRA PRADESH
Nizamabad H.O,503001,ANDHRA PRADESH
Nuzvid H.O,521201,ANDHRA PRADESH
Ongole H.O,523001,ANDHRA PRADESH
Palakol H.O,534260,ANDHRA PRADESH
Palamaner S.O,517408,ANDHRA PRADESH
Parkal H.O,506164,ANDHRA PRADESH
Parvatipuram H.O,535501,ANDHRA PRADESH
Peddapalli H.O,505172,ANDHRA PRADESH
Prasanthinilayam S.O,515134,ANDHRA PRADESH
Proddatur H.O,516360,ANDHRA PRADESH
Pulivendla H.O,516390,ANDHRA PRADESH
Rajahmundry H.O,533101,ANDHRA PRADESH
Rajampet H.O,516115,ANDHRA PRADESH
Ramachandrapuram H.O,533255,ANDHRA PRADESH
Razole H.O,533242,ANDHRA PRADESH
Repalle S.O,522265,ANDHRA PRADESH
Samalkot H.O,533440,ANDHRA PRADESH
Sangareddy H.O,502001,ANDHRA PRADESH
Sattenapalle H.O,522403,ANDHRA PRADESH
Secunderabad H.O,500003,ANDHRA PRADESH
Siddipet H.O,502103,ANDHRA PRADESH
Srikakulam H.O,532001,ANDHRA PRADESH
Srikalahasti H.O,517644,ANDHRA PRADESH
Stn Kachiguda H.O,500027,ANDHRA PRADESH
Stn. Jadcherla H.O,509301,ANDHRA PRADESH
Suryapet H.O,508213,ANDHRA PRADESH
Tadepalligudem H.O,534101,ANDHRA PRADESH
Tanuku H.O,534211,ANDHRA PRADESH
Tekkali H.O,532201,ANDHRA PRADESH
Tenali H.O,522201,ANDHRA PRADESH
Tirumala S.O (Chittoor),517504,ANDHRA PRADESH
Tirupati H.O,517501,ANDHRA PRADESH
Trimulgherry H.O,500015,ANDHRA PRADESH
Vikarabad H.O,501101,ANDHRA PRADESH
Vizianagaram H.O,535002,ANDHRA PRADESH
Waltair R S H.O,530004,ANDHRA PRADESH
Wanaparthy H.O,509103,ANDHRA PRADESH
Warangal H.O,506002,ANDHRA PRADESH
Zaheerabad H.O,502220,ANDHRA PRADESH
Itanagar H.O,791111,ARUNACHAL PRADESH
Barpeta H.O,781301,ASSAM
Dhubri H.O,783301,ASSAM
Dibrugarh H.O,786001,ASSAM
Diphu H.O,782460,ASSAM
Golaghat H.O,785621,ASSAM
Guwahati University H.O,781014,ASSAM
Hailakandi H.O,788151,ASSAM
Jorhat H.O,785001,ASSAM
Karimganj H.O,788710,ASSAM
Kokrajhar H.O,783370,ASSAM
Mangaldoi H.O,784125,ASSAM
Nagaon H.O,782001,ASSAM
Nalbari H.O,781335,ASSAM
North Lakhimpur H.O,787001,ASSAM
Silchar H.O,788001,ASSAM
Sivasagar H.O,785640,ASSAM
Tezpur H.O,784001,ASSAM
Tinsukia H.O,786125,ASSAM
Arrah H.O,802301,BIHAR
Aurangabad (BH) H.O,824101,BIHAR
Banka H.O,813102,BIHAR
Bankipore H.O,800004,BIHAR
Begusarai H.O,851101,BIHAR
Bettiah H.O,845438,BIHAR
Bhagalpur H.O,812001,BIHAR
Biharsharif H.O,803101,BIHAR
Buxar H.O,802101,BIHAR
Chapra H.O,841301,BIHAR
Darbhanga H.O,846004,BIHAR
Gaya H.O,823001,BIHAR
Gopalganj H.O,841428,BIHAR
Hajipur H.O,844101,BIHAR
Jamui H.O,811307,BIHAR
Jehanabad H.O,804408,BIHAR
Katihar H.O,854105,BIHAR
Laheriasarai H.O,846001,BIHAR
Madhubani H.O,847211,BIHAR
Marhowrah H.O,841418,BIHAR
Motihari H.O,845401,BIHAR
Munger H.O,811201,BIHAR
Nawadha H.O,805110,BIHAR
Purnea H.O,854301,BIHAR
Saharsa H.O,852201,BIHAR
Samastipur H.O,848101,BIHAR
Sasaram H.O,821115,BIHAR
Sitamarhi H.O,843301,BIHAR
Siwan H.O,841226,BIHAR
Ambikapur H.O,497001,CHATTISGARH
Durg H.O,491001,CHATTISGARH
Ibsb Bhilai H.O,490001,CHATTISGARH
Jagdalpur H.O,494001,CHATTISGARH
Kanker H.O,494334,CHATTISGARH
Korba H.O,495677,CHATTISGARH
Raigarh H.O,496001,CHATTISGARH
Rajnandgaon H.O,491441,CHATTISGARH
Ashok Vihar H.O,110052,DELHI
Chanakya Puri S.O,110021,DELHI
Connaught Place S.O,110001,DELHI
Delhi G.P.O. ,110006,DELHI
Delhi High Court S.O,110003,DELHI
Hauz Khas S.O,110016,DELHI
IGI Airport S.O,110037,DELHI
Indraprastha H.O,110002,DELHI
Jhilmil H.O,110095,DELHI
Kalkaji H.O,110019,DELHI
Karol Bagh S.O,110005,DELHI
Krishna Nagar H.O,110051,DELHI
Lajpat Nagar (South Delhi) S.O,110024,DELHI
Lodi Road H.O,110003,DELHI
Naraina Industrial Estate H.O,110028,DELHI
New Delhi G.P.O. ,110001,DELHI
Palam Airport S.O,110037,DELHI
Parliament House S.O,110001,DELHI
Paschim Vihar S.O,110063,DELHI
Pragati Maidan S.O,110001,DELHI
Ramesh Nagar H.O,110015,DELHI
Rashtrapati Bhawan S.O,110004,DELHI
Rohini Courts S.O,110085,DELHI
Sarojini Nagar H.O,110023,DELHI
Subroto Park S.O,110010,DELHI
Margao H.O,403601,GOA
Amreli H.O,365601,GUJARAT
Anand H.O,388001,GUJARAT
Bardoli H.O,394601,GUJARAT
Bharuch H.O,392001,GUJARAT
Bhavnagar H.O,364001,GUJARAT
Bhuj H.O,370001,GUJARAT
Bilimora H.O,396321,GUJARAT
Botad S.O,364710,GUJARAT
Dabhoi H.O,391110,GUJARAT
Dahod H.O,389151,GUJARAT
Dakor S.O,388225,GUJARAT
Dholka H.O,382225,GUJARAT
Disa Mukhya Dak Ghar S.O,385535,GUJARAT
Fateganj H.O,390002,GUJARAT
Gandhinagar (Gujarat) H.O,382010,GUJARAT
Godhra H.O,389001,GUJARAT
Gondal H.O,360311,GUJARAT
Himatnagar H.O,383001,GUJARAT
Jamnagar H.O,361001,GUJARAT
Junagadh H.O,362001,GUJARAT
Kalol H.O,382721,GUJARAT
Khambhalia S.O,361305,GUJARAT
Kheda H.O,387411,GUJARAT
Mahesana H.O,384001,GUJARAT
Mandvi S.O (Vadodara),390001,GUJARAT
Modas S.O,383315,GUJARAT
Nadiad H.O,387001,GUJARAT
Nanpura H.O,395001,GUJARAT
Navrangpura H.O,380009,GUJARAT
Navsari H.O,396445,GUJARAT
Palanpur H.O,385001,GUJARAT
Patan H.O,384265,GUJARAT
Porbandar H.O,360575,GUJARAT
Railwaypura S.O,380002,GUJARAT
Revdibazar H.O,380002,GUJARAT
Surat H.O,395003,GUJARAT
Surendranagar H.O,363001,GUJARAT
Vallabh  Vidyanagar S.O,388120,GUJARAT
Valsad H.O,396001,GUJARAT
Veraval S.O,362265,GUJARAT
Vidhansabha S.O,382010,GUJARAT
Vijapur S.O,382870,GUJARAT
Viramgam S.O,382150,GUJARAT
Visnagar S.O,384315,GUJARAT
Ambala City H.O,134003,HARYANA
Bahadurgarh H.O,124507,HARYANA
Bhiwani H.O,127021,HARYANA
Faridabad NIT H.O,121001,HARYANA
Gurgaon H.O,122001,HARYANA
Hisar H.O,125001,HARYANA
Jind H.O,126102,HARYANA
Karnal H.O,132001,HARYANA
Kurukshetra H.O,136118,HARYANA
Kurukshetra University S.O,136119,HARYANA
Narnaul H.O,123001,HARYANA
Panipat H.O,132103,HARYANA
Rohtak H.O,124001,HARYANA
Sirsa H.O,125055,HARYANA
Sonipat H.O,131001,HARYANA
Yamunanagar H.O,135001,HARYANA
Auc Palampur S.O,176062,HIMACHAL PRADESH
Barsar H.O,174305,HIMACHAL PRADESH
Bilaspur (Bilaspur- HP) H.O,174001,HIMACHAL PRADESH
Chail S.O (Solan),173217,HIMACHAL PRADESH
Chamba H.O,176310,HIMACHAL PRADESH
Dadahu S.O,173022,HIMACHAL PRADESH
Dagshai S.O,173210,HIMACHAL PRADESH
Dalhousie S.O,176304,HIMACHAL PRADESH
Dehra H.O,177101,HIMACHAL PRADESH
Dharamsala H.O,176215,HIMACHAL PRADESH
Hamirpur H.O,177001,HIMACHAL PRADESH
Jawalamukhi S.O,176031,HIMACHAL PRADESH
Kangra H.O,176001,HIMACHAL PRADESH
Keylong H.O,175132,HIMACHAL PRADESH
Kullu H.O,175101,HIMACHAL PRADESH
Manali S.O (Kullu),175131,HIMACHAL PRADESH
Mandi H.O,175001,HIMACHAL PRADESH
Mcleodganj S.O,176219,HIMACHAL PRADESH
Nahan H.O,173001,HIMACHAL PRADESH
Nauni S.O,173230,HIMACHAL PRADESH
Palampur H.O,176061,HIMACHAL PRADESH
Paonta Sahib S.O,173025,HIMACHAL PRADESH
Rampur Bushahr H.O,172001,HIMACHAL PRADESH
Reckong Peo H.O,172107,HIMACHAL PRADESH
Solan H.O,173212,HIMACHAL PRADESH
Sunder Nagar Town Ship H.O,175019,HIMACHAL PRADESH
Una H.O,174303,HIMACHAL PRADESH
Anantnag H.O,192101,JAMMU & KASHMIR
Baramulla H.O,193101,JAMMU & KASHMIR
Gandhinagar H.O,180004,JAMMU & KASHMIR
Kathua H.O,184101,JAMMU & KASHMIR
Leh H.O,194101,JAMMU & KASHMIR
NATC S.O,180003,JAMMU & KASHMIR
New University Campus S.O,180006,JAMMU & KASHMIR
Rajouri H.O,185131,JAMMU & KASHMIR
Srinagar G.P.O. ,190001,JAMMU & KASHMIR
Udhampur H.O,182101,JAMMU & KASHMIR
B.Deoghar H.O,814112,JHARKHAND
Bokaro Steel City H.O,827001,JHARKHAND
Chaibasa H.O,833201,JHARKHAND
Daltonganj H.O,822101,JHARKHAND
Dhanbad H.O,826001,JHARKHAND
Doranda H.O,834002,JHARKHAND
Dumka H.O,814101,JHARKHAND
Giridih H.O,815301,JHARKHAND
Gumla H.O,835207,JHARKHAND
Hazaribagh H.O,825301,JHARKHAND
Ramgarh Cantt H.O,829122,JHARKHAND
Ranchi G.P.O. ,834001,JHARKHAND
Arsikere H.O,573103,KARNATAKA
Athani H.O,591304,KARNATAKA
Bagalkot H.O,587101,KARNATAKA
Bailhongal H.O,591102,KARNATAKA
Bangalore City S.O,560002,KARNATAKA
Basavanagudi H.O,560004,KARNATAKA
Bellary H.O,583101,KARNATAKA
Bhadravati H.O,577301,KARNATAKA
Bidar H.O,585401,KARNATAKA
Bijapur H.O,586101,KARNATAKA
Channapatna H.O,562160,KARNATAKA
Chickballapur H.O,562101,KARNATAKA
Chikmagalur H.O,577101,KARNATAKA
Chikodi H.O,591201,KARNATAKA
Chitradurga H.O,577501,KARNATAKA
Davangere H.O,577001,KARNATAKA
Dharwad H.O,580001,KARNATAKA
Gadag H.O,582101,KARNATAKA
Gokak H.O,591307,KARNATAKA
Gulbarga H.O,585101,KARNATAKA
H.A.L II Stage H.O,560008,KARNATAKA
Harapanahalli S.O,583131,KARNATAKA
Hassan H.O,573201,KARNATAKA
Haveri H.O,581110,KARNATAKA
Hospet H.O,583201,KARNATAKA
Hubli H.O,580020,KARNATAKA
Hukeri S.O,591309,KARNATAKA
Jalahalli H.O,560013,KARNATAKA
Jamkhandi H.O,587301,KARNATAKA
Jayanagar H.O,560041,KARNATAKA
Karkala H.O,574104,KARNATAKA
Karwar H.O,581301,KARNATAKA
Kolar H.O,563101,KARNATAKA
Kollegal H.O,571440,KARNATAKA
Koppa H.O,577126,KARNATAKA
Koppal H.O,583231,KARNATAKA
Kulshekar H.O,575005,KARNATAKA
Kumta H.O,581343,KARNATAKA
Kundapura H.O,576201,KARNATAKA
Madikeri H.O,571201,KARNATAKA
Mandya H.O,571401,KARNATAKA
Manipal H.O,576104,KARNATAKA
Muddebiahl S.O,586212,KARNATAKA
Nanjangud H.O,571301,KARNATAKA
Nargund S.O,582207,KARNATAKA
Puttur(D.K.) H.O,574201,KARNATAKA
R T Nagar H.O,560032,KARNATAKA
Raibag S.O,591317,KARNATAKA
Raichur H.O,584101,KARNATAKA
Rajajinagar H.O,560010,KARNATAKA
Ramdurg H.O,591123,KARNATAKA
Ranebennur S.O,581115,KARNATAKA
Sagar H.O,577401,KARNATAKA
Saraswathipuram H.O,570009,KARNATAKA
Shahabad S.O (Gulbarga),585228,KARNATAKA
Shimoga H.O,577201,KARNATAKA
Shorapur S.O,585224,KARNATAKA
Sirsi H.O,581401,KARNATAKA
Srirangapatna H.O,571438,KARNATAKA
Sullia S.O,574239,KARNATAKA
Tiptur H.O,572201,KARNATAKA
Tumkur H.O,572101,KARNATAKA
Udupi H.O,576101,KARNATAKA
Yadgiri H.O,585201,KARNATAKA
Adur( Kla) H.O,691523,KERALA
Alappuzha H.O,688001,KERALA
Alathur Mbr H.O,678541,KERALA
Aluva H.O,683101,KERALA
Attingal H.O,695101,KERALA
Calicut Civil Station H.O,673020,KERALA
Chalakudi H.O,680307,KERALA
Changanacherry H.O,686101,KERALA
Chengannur H.O,689121,KERALA
Cherthala H.O,688524,KERALA
Irinjalakuda H.O,680121,KERALA
Kalpetta H.O,673121,KERALA
Kanhangad H.O,671315,KERALA
Kanjirapally H.O,686507,KERALA
Kannur H.O,670001,KERALA
Karunagappaly H.O,690518,KERALA
Kasaragod H.O,671121,KERALA
Kattappana H.O,685508,KERALA
Kayangulam H.O,690502,KERALA
Kochi H.O,682001,KERALA
Kollam H.O,691001,KERALA
Kottarakara H.O,691506,KERALA
Kottayam H.O,686001,KERALA
Koyilandi H.O,673305,KERALA
Kunnamkulam H.O,680503,KERALA
Malappuram H.O,676505,KERALA
Manjeri-kla H.O,676121,KERALA
Mavelikara H.O,690101,KERALA
Muvattupuzha H.O,686661,KERALA
Neyyattinkara H.O,695121,KERALA
Olavakkot H.O,678002,KERALA
Ottapalam H.O,679101,KERALA
Palai H.O,686575,KERALA
Palakkad H.O,678001,KERALA
Pathanamthitta H.O,689645,KERALA
Perumbavoor H.O,683542,KERALA
Ponani H.O,679577,KERALA
Punalur H.O,691305,KERALA
Taliparamba H.O,670141,KERALA
Thalassery H.O,670101,KERALA
Thodupuzha H.O,685584,KERALA
Thycaud H.O,695014,KERALA
Tirur(kerala) H.O,676101,KERALA
Tiruvalla H.O,689101,KERALA
Vadakara H.O,673101,KERALA
Vaikom H.O,686141,KERALA
Wadakanchery-TC H.O,680582,KERALA
Balaghat H.O,481001,MADHYA PRADESH
Betul H.O,460001,MADHYA PRADESH
Bhel H.O,462022,MADHYA PRADESH
Bhind H.O,477001,MADHYA PRADESH
C.T.T.Nagar H.O,462003,MADHYA PRADESH
Chhatarpur H.O,471001,MADHYA PRADESH
Chhindwara H.O,480001,MADHYA PRADESH
Damoh H.O,470661,MADHYA PRADESH
Dewas H.O,455001,MADHYA PRADESH
Dhar H.O,454001,MADHYA PRADESH
Guna H.O,473001,MADHYA PRADESH
Hoshangabad H.O,461001,MADHYA PRADESH
Indore Nagar H.O,452007,MADHYA PRADESH
Jhabua H.O,457661,MADHYA PRADESH
Katni H.O,483501,MADHYA PRADESH
Khandwa H.O,450001,MADHYA PRADESH
Khargone H.O,451001,MADHYA PRADESH
Lashkar H.O,474001,MADHYA PRADESH
Mandla H.O,481661,MADHYA PRADESH
Mandsaur H.O,458001,MADHYA PRADESH
Morar H.O,474006,MADHYA PRADESH
Morena H.O,476001,MADHYA PRADESH
Narsinghpur H.O,487001,MADHYA PRADESH
Neemuch H.O,458441,MADHYA PRADESH
Raisen H.O,464551,MADHYA PRADESH
Rajgarh(Bia) H.O,465661,MADHYA PRADESH
Ratlam H.O,457001,MADHYA PRADESH
Rewa H.O,486001,MADHYA PRADESH
Sagar Cantt H.O,470001,MADHYA PRADESH
Satna H.O,485001,MADHYA PRADESH
Sehore H.O,466001,MADHYA PRADESH
Seoni H.O,480661,MADHYA PRADESH
Shahdol H.O,484001,MADHYA PRADESH
Shajapur H.O,465001,MADHYA PRADESH
Shivpuri H.O,473551,MADHYA PRADESH
Sidhi H.O,486661,MADHYA PRADESH
Tikamgarh H.O,472001,MADHYA PRADESH
Ujjain H.O,456001,MADHYA PRADESH
Vidisha H.O,464001,MADHYA PRADESH
Ahmednagar H.O,414001,MAHARASHTRA
Airport S.O (Mumbai),400099,MAHARASHTRA
Akola H.O,444001,MAHARASHTRA
Alibag H.O,402201,MAHARASHTRA
Amravati H.O,444601,MAHARASHTRA
Andheri H.O,400053,MAHARASHTRA
Aurangabad (MH) H.O,431001,MAHARASHTRA
Bandra West S.O,400050,MAHARASHTRA
Beed H.O,431122,MAHARASHTRA
Bhandara H.O,441904,MAHARASHTRA
Bhusawal H.O,425201,MAHARASHTRA
Borivali H.O,400091,MAHARASHTRA
Buldana H.O,443001,MAHARASHTRA
Chalisgaon H.O,424101,MAHARASHTRA
Chandrapur H.O,442401,MAHARASHTRA
Chembur H.O,400071,MAHARASHTRA
Chinchbunder H.O,400009,MAHARASHTRA
Chiplun H.O,415605,MAHARASHTRA
Dadar H.O,400014,MAHARASHTRA
Dhule H.O,424001,MAHARASHTRA
Gadchiroli S.O,442605,MAHARASHTRA
Girgaon S.O,400004,MAHARASHTRA
Gondia H.O,441601,MAHARASHTRA
Ichalkaranji H.O,416115,MAHARASHTRA
Jalgaon H.O,425001,MAHARASHTRA
Jalna H.O,431203,MAHARASHTRA
Kalbadevi H.O,400002,MAHARASHTRA
Kalyan City H.O,421301,MAHARASHTRA
Kamthi H.O,441001,MAHARASHTRA
Karad H.O,415110,MAHARASHTRA
Khamgaon H.O,444303,MAHARASHTRA
Kolhapur City H.O,416012,MAHARASHTRA
Kolhapur H.O,416003,MAHARASHTRA
Latur H.O,413512,MAHARASHTRA
Mahim H.O,400016,MAHARASHTRA
Malegaon H.O,423203,MAHARASHTRA
Malvan H.O,416606,MAHARASHTRA
Mandvi S.O (Mumbai),400003,MAHARASHTRA
Miraj H.O,416410,MAHARASHTRA
Mumbai Central H.O,400008,MAHARASHTRA
Nagpur City H.O,440002,MAHARASHTRA
Nanded H.O,431601,MAHARASHTRA
Nashik Road H.O,422101,MAHARASHTRA
Osmanabad H.O,413501,MAHARASHTRA
Palghar H.O,401404,MAHARASHTRA
Pandharpur H.O,413304,MAHARASHTRA
Panvel H.O,410206,MAHARASHTRA
Paratwada H.O,444805,MAHARASHTRA
Parbhani H.O,431401,MAHARASHTRA
Pune City H.O,411002,MAHARASHTRA
Ratnagiri H.O,415612,MAHARASHTRA
Sangli H.O,416416,MAHARASHTRA
Satara H.O,415001,MAHARASHTRA
Sawantwadi H.O,416510,MAHARASHTRA
Shivajinagar H.O,411005,MAHARASHTRA
Shrirampur H.O,413709,MAHARASHTRA
Solapur H.O,413001,MAHARASHTRA
Thane H.O,400601,MAHARASHTRA
Wardha H.O,442001,MAHARASHTRA
Washim S.O,444505,MAHARASHTRA
Yavatmal H.O,445001,MAHARASHTRA
Laitumkhrah S.O,793003,MEGHALAYA
Tura H.O,794001,MEGHALAYA
Angul H.O,759122,ORISSA
Aska H.O,761110,ORISSA
Athagarh H.O,754029,ORISSA
Balangir H.O,767001,ORISSA
Balasore H.O,756001,ORISSA
Bargarh H.O,768028,ORISSA
Baripada H.O,757001,ORISSA
Berhampur(GM) H.O,760001,ORISSA
Bhadrak H.O,756100,ORISSA
Bhanjanagar H.O,761126,ORISSA
Bhawanipatna H.O,766001,ORISSA
Chandinchowk H.O,753002,ORISSA
Chatrapur H.O,761020,ORISSA
Dhenkanal H.O,759001,ORISSA
Jagatsinghpur H.O,754103,ORISSA
Jajpur H.O,755001,ORISSA
Jaleswar H.O,756032,ORISSA
Jeypore(K) H.O,764001,ORISSA
Jharsuguda H.O,768201,ORISSA
Kendrapara H.O,754211,ORISSA
Keonjhargarh H.O,758001,ORISSA
Khurda H.O,752055,ORISSA
Koraput H.O,764020,ORISSA
Nayagarh H.O,752069,ORISSA
Parlakhemundi H.O,761200,ORISSA
Phulbani H.O,762001,ORISSA
Puri H.O,752001,ORISSA
Rairangpur H.O,757043,ORISSA
Rayagada(K) H.O,765001,ORISSA
Rourkela - 2 S.O,769002,ORISSA
Rourkela H.O,769001,ORISSA
Sambalpur H.O,768001,ORISSA
Sundargarh H.O,770001,ORISSA
Uditnagar H.O,769012,ORISSA
Batala H.O,143505,PUNJAB
Bathinda H.O,151001,PUNJAB
Dasuya H.O,144205,PUNJAB
Faridkot H.O,151203,PUNJAB
Ferozepur H.O,152001,PUNJAB
Gurdaspur H.O,143521,PUNJAB
Hoshiarpur H.O,146001,PUNJAB
Jagraon H.O,142026,PUNJAB
Jalandhar Cantt H.O,144005,PUNJAB
Kapurthala H.O,144601,PUNJAB
Khanna H.O,141401,PUNJAB
Moga H.O,142001,PUNJAB
Phagwara H.O,144401,PUNJAB
Rajpura H.O,140401,PUNJAB
Ropar H.O,140001,PUNJAB
Sangrur H.O,148001,PUNJAB
Tarn Taran H.O,143401,PUNJAB
Alwar H.O,301001,RAJASTHAN
Bahror H.O,301701,RAJASTHAN
Banswara H.O,327001,RAJASTHAN
Barmer H.O,344001,RAJASTHAN
Bayana S.O,321401,RAJASTHAN
Beawar [Raj] H.O,305901,RAJASTHAN
Bharatpur City S.O,321001,RAJASTHAN
Bharatpur H.O,321001,RAJASTHAN
Bhilwara H.O,311001,RAJASTHAN
Bikaner H.O,334001,RAJASTHAN
Bundi H.O,323001,RAJASTHAN
Chirawa H.O,333026,RAJASTHAN
Chittorgarh H.O,312001,RAJASTHAN
Churu H.O,331001,RAJASTHAN
Dabok S.O,313022,RAJASTHAN
Dausa H.O,303303,RAJASTHAN
Deeg H.O,321203,RAJASTHAN
Dholpur H.O,328001,RAJASTHAN
Didwana H.O,341303,RAJASTHAN
Dungarpur H.O,314001,RAJASTHAN
Fatehpur Shekhawati S.O,332301,RAJASTHAN
Gangapur H.O,322201,RAJASTHAN
Hanumangarh Jn. H.O,335512,RAJASTHAN
Hindaun H.O,322230,RAJASTHAN
Jaisalmer H.O,345001,RAJASTHAN
Jalore H.O,343001,RAJASTHAN
Jawahar Nagar H.O,302004,RAJASTHAN
Jhalawar H.O,326001,RAJASTHAN
Jhunjhunu H.O,333001,RAJASTHAN
Kankroli H.O,313324,RAJASTHAN
Kota H.O,324001,RAJASTHAN
Madanganj Kishangarh H.O,305801,RAJASTHAN
Marwar Jn. H.O,306001,RAJASTHAN
Mavli Jn. S.O,313203,RAJASTHAN
Nagaur H.O,341001,RAJASTHAN
New Grain Mandi Kota H.O,324007,RAJASTHAN
Pali Marwar H.O,306401,RAJASTHAN
Pushkar S.O,305022,RAJASTHAN
Ratangarh H.O,331022,RAJASTHAN
Sambhar Lake H.O,303604,RAJASTHAN
Sawaimadhopur H.O,322001,RAJASTHAN
Shahpura H.O,303103,RAJASTHAN
Shastri Nagar H.O,302016,RAJASTHAN
Sikar H.O,332001,RAJASTHAN
Sirohi H.O,307001,RAJASTHAN
Sriganganagar H.O,335001,RAJASTHAN
Srimadhopur H.O,332715,RAJASTHAN
Tonk Raj H.O,304001,RAJASTHAN
Udaipur H.O,313004,RAJASTHAN
Gangtok H.O,737101,SIKKIM
Ambasamudram H.O,627401,TAMIL NADU
Ambattur H.O,600053,TAMIL NADU
Anna Road H.O,600002,TAMIL NADU
Annamalainagar S.O,608002,TAMIL NADU
Arakkonam H.O,631001,TAMIL NADU
Arasaradi H.O,625016,TAMIL NADU
Arni H.O,632301,TAMIL NADU
Aruppukottai H.O,626101,TAMIL NADU
Atur H.O,636102,TAMIL NADU
Avadi Camp H.O,600054,TAMIL NADU
Bhavani H.O,638301,TAMIL NADU
Bodinayakanur H.O,625513,TAMIL NADU
Chengalpattu H.O,603001,TAMIL NADU
Chidambaram H.O,608001,TAMIL NADU
Coonoor H.O,643101,TAMIL NADU
Cuddalore H.O,607001,TAMIL NADU
Devakottai H.O,630302,TAMIL NADU
Dharapuram H.O,638656,TAMIL NADU
Dharmapuri H.O,636701,TAMIL NADU
Dindigul H.O,624001,TAMIL NADU
Erode H.O,638001,TAMIL NADU
Gobichettipalayam H.O,638452,TAMIL NADU
Gudiyattam H.O,632602,TAMIL NADU
Kallakurichi H.O,606202,TAMIL NADU
Kanchipuram H.O,631501,TAMIL NADU
Karaikudi H.O,630001,TAMIL NADU
Karur H.O,639001,TAMIL NADU
Kodaikanal S.O,624101,TAMIL NADU
Kovilpatti H.O,628501,TAMIL NADU
Krishnagiri H.O,635001,TAMIL NADU
Kulittalai H.O,639104,TAMIL NADU
Kumbakonam H.O,612001,TAMIL NADU
Lalgudi H.O,621601,TAMIL NADU
Mamallapuram S.O,603104,TAMIL NADU
Manamadurai H.O,630606,TAMIL NADU
Mannargudi H.O,614001,TAMIL NADU
Mayiladuthurai H.O,609001,TAMIL NADU
Melakaveri H.O,612002,TAMIL NADU
Mettupalayam H.O,641301,TAMIL NADU
Mylapore H.O,600004,TAMIL NADU
Nagapattinam H.O,611001,TAMIL NADU
Nagercoil H.O,629001,TAMIL NADU
Namakkal H.O,637001,TAMIL NADU
Nilakottai H.O,624208,TAMIL NADU
Palani H.O,624601,TAMIL NADU
Palayankottai H.O,627002,TAMIL NADU
Papanasam H.O,614205,TAMIL NADU
Paramakudi H.O,623707,TAMIL NADU
Park Town H.O,600003,TAMIL NADU
Pattukottai H.O,614601,TAMIL NADU
Perambalur H.O,621212,TAMIL NADU
Periyakulam H.O,625601,TAMIL NADU
Pollachi H.O,642001,TAMIL NADU
Pudukkottai H.O,622001,TAMIL NADU
Rajapalayam H.O,626117,TAMIL NADU
Ramanathapuram H.O,623501,TAMIL NADU
Ranipet H.O,632401,TAMIL NADU
Rathinasabapathy Puram H.O,641002,TAMIL NADU
Salem H.O,636001,TAMIL NADU
Sankarankovil H.O,627756,TAMIL NADU
Sirkali H.O,609110,TAMIL NADU
Sivaganga H.O,630561,TAMIL NADU
Sivakasi H.O,626123,TAMIL NADU
Srirangam H.O,620006,TAMIL NADU
Srivaikuntam H.O,628601,TAMIL NADU
St.Thomas Mount H.O,600016,TAMIL NADU
Suramangalam H.O,636005,TAMIL NADU
Tallakulam H.O,625002,TAMIL NADU
Tambaram H.O,600045,TAMIL NADU
Tenkasi H.O,627811,TAMIL NADU
Thanjavur H.O,613001,TAMIL NADU
Thuckalay H.O,629175,TAMIL NADU
Thygarayanagar H.O,600017,TAMIL NADU
Tindivanam H.O,604001,TAMIL NADU
Tiruchendur H.O,628215,TAMIL NADU
Tiruchengodu H.O,637211,TAMIL NADU
Tirukkoyilur H.O,605757,TAMIL NADU
Tirunelveli H.O,627001,TAMIL NADU
Tirupattur H.O,635601,TAMIL NADU
Tirupur H.O,641601,TAMIL NADU
Tiruturaipundi H.O,614713,TAMIL NADU
Tiruvallur H.O,602001,TAMIL NADU
Tiruvannamalai H.O,606601,TAMIL NADU
Tiruvarur H.O,610001,TAMIL NADU
Turaiyur H.O,621010,TAMIL NADU
Tuticorin H.O,628001,TAMIL NADU
Udagamandalam H.O,643001,TAMIL NADU
Udamalpet H.O,642126,TAMIL NADU
Vellore H.O,632001,TAMIL NADU
Villupuram H.O,605602,TAMIL NADU
Virudhunagar H.O,626001,TAMIL NADU
Vriddhachalam H.O,606001,TAMIL NADU
Yercaud S.O,636601,TAMIL NADU
Dharmanagar H.O,799250,TRIPURA
Radhakishorepur H.O,799120,TRIPURA
Agra Fort H.O,282003,UTTAR PRADESH
Akbarpur H.O,224122,UTTAR PRADESH
Aligarh H.O,202001,UTTAR PRADESH
Allahabad Kty. H.O,211002,UTTAR PRADESH
Amroha H.O,244221,UTTAR PRADESH
Auraiya H.O,206122,UTTAR PRADESH
Azamgarh H.O,276001,UTTAR PRADESH
Bahraich H.O,271801,UTTAR PRADESH
Ballia H.O,277001,UTTAR PRADESH
Balrampur H.O,271201,UTTAR PRADESH
Banda H.O,210001,UTTAR PRADESH
Bansi H.O,272153,UTTAR PRADESH
Barabanki H.O,225001,UTTAR PRADESH
Baraut H.O,250611,UTTAR PRADESH
Bareilly H.O,243001,UTTAR PRADESH
Basti H.O,272001,UTTAR PRADESH
Bijnor H.O,246701,UTTAR PRADESH
Budaun H.O,243601,UTTAR PRADESH
Bulandshahr H.O,203001,UTTAR PRADESH
Deoria H.O,274001,UTTAR PRADESH
Dhampur H.O,246761,UTTAR PRADESH
Etah H.O,207001,UTTAR PRADESH
Etawah H.O,206001,UTTAR PRADESH
Faizabad H.O,224001,UTTAR PRADESH
Fatehgarh H.O,209601,UTTAR PRADESH
Fatehpur H.O,212601,UTTAR PRADESH
Firozabad H.O,283203,UTTAR PRADESH
Ghaziabad H.O,201001,UTTAR PRADESH
Ghazipur H.O,233001,UTTAR PRADESH
Gonda H.O,271001,UTTAR PRADESH
Gorakhpur H.O,273001,UTTAR PRADESH
Hamirpur H.O,210301,UTTAR PRADESH
Hapur H.O,245101,UTTAR PRADESH
Hardoi H.O,241001,UTTAR PRADESH
Hotal Clarkshiraj S.O,282001,UTTAR PRADESH
Iit S.O,208016,UTTAR PRADESH
Indrapuram S.O,282001,UTTAR PRADESH
Jaunpur H.O,222001,UTTAR PRADESH
Jhansi H.O,284001,UTTAR PRADESH
Kanpur Cantt. H.O,208004,UTTAR PRADESH
Kheri H.O,262701,UTTAR PRADESH
Khurja H.O,203131,UTTAR PRADESH
Kunraghat H.O,273008,UTTAR PRADESH
Lalganj (Raebareli) H.O,229206,UTTAR PRADESH
Lalitpur H.O,284403,UTTAR PRADESH
Lucknow Chowk H.O,226003,UTTAR PRADESH
Mainpuri H.O,205001,UTTAR PRADESH
Mathura H.O,281001,UTTAR PRADESH
Mau H.O,275101,UTTAR PRADESH
Medical College S.O (Aligarh),202002,UTTAR PRADESH
Meerut Cantt H.O,250001,UTTAR PRADESH
Meerut City H.O,250002,UTTAR PRADESH
Mirzapur H.O,231001,UTTAR PRADESH
Moradabad H.O,244001,UTTAR PRADESH
Muzaffarnagar H.O,251001,UTTAR PRADESH
Nawabganj H.O,208002,UTTAR PRADESH
Noida H.O,201301,UTTAR PRADESH
Orai H.O,285001,UTTAR PRADESH
Padrauna H.O,274304,UTTAR PRADESH
Pilibhit H.O,262001,UTTAR PRADESH
Pratapgarh H.O,230001,UTTAR PRADESH
Raebarely H.O,229001,UTTAR PRADESH
Rampur H.O,244901,UTTAR PRADESH
Rasra H.O,221712,UTTAR PRADESH
Saharanpur H.O,247001,UTTAR PRADESH
Sandila S.O,241204,UTTAR PRADESH
Shahjahanpur H.O,242001,UTTAR PRADESH
Shamli S.O,247776,UTTAR PRADESH
Sitapur H.O,261001,UTTAR PRADESH
Sultanpur (Avadh) H.O,228001,UTTAR PRADESH
Taj S.O,282001,UTTAR PRADESH
Unnao H.O,209801,UTTAR PRADESH
Varanasi Cantt H.O,221002,UTTAR PRADESH
Vrindaban S.O,281121,UTTAR PRADESH
Zamania S.O,232329,UTTAR PRADESH
Almora H.O,263601,UTTARAKHAND
Dehradun Cantt H.O,248003,UTTARAKHAND
Gopeshwar H.O,246401,UTTARAKHAND
Haldwani H.O,263139,UTTARAKHAND
Kotdwara H.O,246149,UTTARAKHAND
Lansdowne H.O,246155,UTTARAKHAND
Nainital H.O,263002,UTTARAKHAND
Pauri H.O,246001,UTTARAKHAND
Pithoragarh H.O,262501,UTTARAKHAND
Ranikhet H.O,263645,UTTARAKHAND
Roorkee H.O,247667,UTTARAKHAND
Tehri H.O,249001,UTTARAKHAND
Alipore H.O,700027,WEST BENGAL
Arambagh H.O,712601,WEST BENGAL
Asansol H.O,713301,WEST BENGAL
Balurghat H.O,733101,WEST BENGAL
Bankura H.O,722101,WEST BENGAL
Barabazar H.O,700007,WEST BENGAL
Barasat H.O,700124,WEST BENGAL
Barrackpore H.O,700120,WEST BENGAL
Baruipur H.O,700144,WEST BENGAL
Basirhat H.O,743411,WEST BENGAL
Beleghata H.O,700010,WEST BENGAL
Belgharia H.O,700056,WEST BENGAL
Berhampore (WB) H.O,742101,WEST BENGAL
Burdwan H.O,713101,WEST BENGAL
Chinsurah H.O,712101,WEST BENGAL
Contai H.O,721401,WEST BENGAL
Cooch Behar H.O,736101,WEST BENGAL
Cossipore H.O,700002,WEST BENGAL
Darjeeling H.O,734101,WEST BENGAL
Diamond Harbour H.O,743331,WEST BENGAL
Durgapur H.O,713201,WEST BENGAL
Durgapur Steel Project S.O,713203,WEST BENGAL
Howrah H.O,711101,WEST BENGAL
Jalpaiguri H.O,735101,WEST BENGAL
Jhargram H.O,721507,WEST BENGAL
Kalyani H.O,741235,WEST BENGAL
Kandi H.O,742137,WEST BENGAL
Katwa H.O,713130,WEST BENGAL
Kharagpur Technology S.O,721302,WEST BENGAL
Krishnanagar H.O,741101,WEST BENGAL
Mal H.O,735221,WEST BENGAL
Malda H.O,732101,WEST BENGAL
Midnapore H.O,721101,WEST BENGAL
Nabadwip H.O,741302,WEST BENGAL
Park Street H.O,700016,WEST BENGAL
Purulia H.O,723101,WEST BENGAL
Raghunathganj H.O,742225,WEST BENGAL
Rampurhat H.O,731224,WEST BENGAL
Ranaghat H.O,741201,WEST BENGAL
Raniganj H.O,713347,WEST BENGAL
Salkia H.O,711106,WEST BENGAL
Serampore H.O,712201,WEST BENGAL
Suri H.O,731101,WEST BENGAL
Tamluk H.O,721636,WEST BENGAL
Tollygunge H.O,700033,WEST BENGAL
